"","Date","StartDateTime","EndDateTime","Arena","Locale","SessionType","SessionGroup","Latitude","Longitude"
"1",2016-05-13,2016-05-13 07:30:00,2016-05-13 09:00:00,"Jim Durrell Recreation Centre","Central","Pickup 18+","Hockey","45.372846","-75.6597"
"2",2016-05-20,2016-05-20 07:30:00,2016-05-20 09:00:00,"Jim Durrell Recreation Centre","Central","Pickup 18+","Hockey","45.372846","-75.6597"
"3",2016-05-27,2016-05-27 07:30:00,2016-05-27 09:00:00,"Jim Durrell Recreation Centre","Central","Pickup 18+","Hockey","45.372846","-75.6597"
"4",2016-06-03,2016-06-03 07:30:00,2016-06-03 09:00:00,"Jim Durrell Recreation Centre","Central","Pickup 18+","Hockey","45.372846","-75.6597"
"5",2016-06-10,2016-06-10 07:30:00,2016-06-10 09:00:00,"Jim Durrell Recreation Centre","Central","Pickup 18+","Hockey","45.372846","-75.6597"
"6",2016-06-17,2016-06-17 07:30:00,2016-06-17 09:00:00,"Jim Durrell Recreation Centre","Central","Pickup 18+","Hockey","45.372846","-75.6597"
"7",2016-06-24,2016-06-24 07:30:00,2016-06-24 09:00:00,"Jim Durrell Recreation Centre","Central","Pickup 18+","Hockey","45.372846","-75.6597"
"8",2016-07-01,2016-07-01 07:30:00,2016-07-01 09:00:00,"Jim Durrell Recreation Centre","Central","Pickup 18+","Hockey","45.372846","-75.6597"
"9",2016-07-08,2016-07-08 07:30:00,2016-07-08 09:00:00,"Jim Durrell Recreation Centre","Central","Pickup 18+","Hockey","45.372846","-75.6597"
"10",2016-07-15,2016-07-15 07:30:00,2016-07-15 09:00:00,"Jim Durrell Recreation Centre","Central","Pickup 18+","Hockey","45.372846","-75.6597"
"11",2016-07-22,2016-07-22 07:30:00,2016-07-22 09:00:00,"Jim Durrell Recreation Centre","Central","Pickup 18+","Hockey","45.372846","-75.6597"
"12",2016-07-29,2016-07-29 07:30:00,2016-07-29 09:00:00,"Jim Durrell Recreation Centre","Central","Pickup 18+","Hockey","45.372846","-75.6597"
"13",2016-08-05,2016-08-05 07:30:00,2016-08-05 09:00:00,"Jim Durrell Recreation Centre","Central","Pickup 18+","Hockey","45.372846","-75.6597"
"14",2016-08-12,2016-08-12 07:30:00,2016-08-12 09:00:00,"Jim Durrell Recreation Centre","Central","Pickup 18+","Hockey","45.372846","-75.6597"
"15",2016-08-19,2016-08-19 07:30:00,2016-08-19 09:00:00,"Jim Durrell Recreation Centre","Central","Pickup 18+","Hockey","45.372846","-75.6597"
"16",2016-08-26,2016-08-26 07:30:00,2016-08-26 09:00:00,"Jim Durrell Recreation Centre","Central","Pickup 18+","Hockey","45.372846","-75.6597"
"17",2016-05-10,2016-05-10 07:30:00,2016-05-10 09:00:00,"Jim Durrell Recreation Centre","Central","Pickup 18+","Hockey","45.372846","-75.6597"
"18",2016-05-17,2016-05-17 07:30:00,2016-05-17 09:00:00,"Jim Durrell Recreation Centre","Central","Pickup 18+","Hockey","45.372846","-75.6597"
"19",2016-05-24,2016-05-24 07:30:00,2016-05-24 09:00:00,"Jim Durrell Recreation Centre","Central","Pickup 18+","Hockey","45.372846","-75.6597"
"20",2016-05-31,2016-05-31 07:30:00,2016-05-31 09:00:00,"Jim Durrell Recreation Centre","Central","Pickup 18+","Hockey","45.372846","-75.6597"
"21",2016-06-07,2016-06-07 07:30:00,2016-06-07 09:00:00,"Jim Durrell Recreation Centre","Central","Pickup 18+","Hockey","45.372846","-75.6597"
"22",2016-06-14,2016-06-14 07:30:00,2016-06-14 09:00:00,"Jim Durrell Recreation Centre","Central","Pickup 18+","Hockey","45.372846","-75.6597"
"23",2016-06-21,2016-06-21 07:30:00,2016-06-21 09:00:00,"Jim Durrell Recreation Centre","Central","Pickup 18+","Hockey","45.372846","-75.6597"
"24",2016-06-28,2016-06-28 07:30:00,2016-06-28 09:00:00,"Jim Durrell Recreation Centre","Central","Pickup 18+","Hockey","45.372846","-75.6597"
"25",2016-07-05,2016-07-05 07:30:00,2016-07-05 09:00:00,"Jim Durrell Recreation Centre","Central","Pickup 18+","Hockey","45.372846","-75.6597"
"26",2016-07-12,2016-07-12 07:30:00,2016-07-12 09:00:00,"Jim Durrell Recreation Centre","Central","Pickup 18+","Hockey","45.372846","-75.6597"
"27",2016-07-19,2016-07-19 07:30:00,2016-07-19 09:00:00,"Jim Durrell Recreation Centre","Central","Pickup 18+","Hockey","45.372846","-75.6597"
"28",2016-07-26,2016-07-26 07:30:00,2016-07-26 09:00:00,"Jim Durrell Recreation Centre","Central","Pickup 18+","Hockey","45.372846","-75.6597"
"29",2016-08-02,2016-08-02 07:30:00,2016-08-02 09:00:00,"Jim Durrell Recreation Centre","Central","Pickup 18+","Hockey","45.372846","-75.6597"
"30",2016-08-09,2016-08-09 07:30:00,2016-08-09 09:00:00,"Jim Durrell Recreation Centre","Central","Pickup 18+","Hockey","45.372846","-75.6597"
"31",2016-08-16,2016-08-16 07:30:00,2016-08-16 09:00:00,"Jim Durrell Recreation Centre","Central","Pickup 18+","Hockey","45.372846","-75.6597"
"32",2016-08-23,2016-08-23 07:30:00,2016-08-23 09:00:00,"Jim Durrell Recreation Centre","Central","Pickup 18+","Hockey","45.372846","-75.6597"
"33",2016-08-30,2016-08-30 07:30:00,2016-08-30 09:00:00,"Jim Durrell Recreation Centre","Central","Pickup 18+","Hockey","45.372846","-75.6597"
"34",2016-05-02,2016-05-02 10:00:00,2016-05-02 10:50:00,"Goulbourn","West","50+","Skating","45.263237","-75.907526"
"35",2016-05-09,2016-05-09 10:00:00,2016-05-09 10:50:00,"Goulbourn","West","50+","Skating","45.263237","-75.907526"
"36",2016-05-31,2016-05-31 10:30:00,2016-05-31 11:50:00,"Nepean Sportsplex","West End","Public","Skating","45.326912","-75.746002"
"37",2016-06-07,2016-06-07 10:30:00,2016-06-07 11:50:00,"Nepean Sportsplex","West End","Public","Skating","45.326912","-75.746002"
"38",2016-06-14,2016-06-14 10:30:00,2016-06-14 11:50:00,"Nepean Sportsplex","West End","Public","Skating","45.326912","-75.746002"
"39",2016-06-21,2016-06-21 10:30:00,2016-06-21 11:50:00,"Nepean Sportsplex","West End","Public","Skating","45.326912","-75.746002"
"40",2016-06-28,2016-06-28 10:30:00,2016-06-28 11:50:00,"Nepean Sportsplex","West End","Public","Skating","45.326912","-75.746002"
"41",2016-07-05,2016-07-05 10:30:00,2016-07-05 11:50:00,"Nepean Sportsplex","West End","Public","Skating","45.326912","-75.746002"
"42",2016-07-12,2016-07-12 10:30:00,2016-07-12 11:50:00,"Nepean Sportsplex","West End","Public","Skating","45.326912","-75.746002"
"43",2016-07-19,2016-07-19 10:30:00,2016-07-19 11:50:00,"Nepean Sportsplex","West End","Public","Skating","45.326912","-75.746002"
"44",2016-07-26,2016-07-26 10:30:00,2016-07-26 11:50:00,"Nepean Sportsplex","West End","Public","Skating","45.326912","-75.746002"
"45",2016-08-02,2016-08-02 10:30:00,2016-08-02 11:50:00,"Nepean Sportsplex","West End","Public","Skating","45.326912","-75.746002"
"46",2016-08-09,2016-08-09 10:30:00,2016-08-09 11:50:00,"Nepean Sportsplex","West End","Public","Skating","45.326912","-75.746002"
"47",2016-08-16,2016-08-16 10:30:00,2016-08-16 11:50:00,"Nepean Sportsplex","West End","Public","Skating","45.326912","-75.746002"
"48",2016-08-23,2016-08-23 10:30:00,2016-08-23 11:50:00,"Nepean Sportsplex","West End","Public","Skating","45.326912","-75.746002"
"49",2016-08-30,2016-08-30 10:30:00,2016-08-30 11:50:00,"Nepean Sportsplex","West End","Public","Skating","45.326912","-75.746002"
"50",2016-05-02,2016-05-02 11:00:00,2016-05-02 11:50:00,"Goulbourn","West","Family","Skating","45.263237","-75.907526"
"51",2016-05-09,2016-05-09 11:00:00,2016-05-09 11:50:00,"Goulbourn","West","Family","Skating","45.263237","-75.907526"
"52",2016-05-16,2016-05-16 11:00:00,2016-05-16 11:50:00,"Goulbourn","West","Family","Skating","45.263237","-75.907526"
"53",2016-05-23,2016-05-23 11:00:00,2016-05-23 11:50:00,"Goulbourn","West","Family","Skating","45.263237","-75.907526"
"54",2016-05-30,2016-05-30 11:00:00,2016-05-30 11:50:00,"Goulbourn","West","Family","Skating","45.263237","-75.907526"
"55",2016-06-06,2016-06-06 11:00:00,2016-06-06 11:50:00,"Goulbourn","West","Family","Skating","45.263237","-75.907526"
"56",2016-06-13,2016-06-13 11:00:00,2016-06-13 11:50:00,"Goulbourn","West","Family","Skating","45.263237","-75.907526"
"57",2016-06-20,2016-06-20 11:00:00,2016-06-20 11:50:00,"Goulbourn","West","Family","Skating","45.263237","-75.907526"
"58",2016-06-27,2016-06-27 11:00:00,2016-06-27 11:50:00,"Goulbourn","West","Family","Skating","45.263237","-75.907526"
"59",2016-07-04,2016-07-04 11:00:00,2016-07-04 11:50:00,"Goulbourn","West","Family","Skating","45.263237","-75.907526"
"60",2016-07-11,2016-07-11 11:00:00,2016-07-11 11:50:00,"Goulbourn","West","Family","Skating","45.263237","-75.907526"
"61",2016-07-18,2016-07-18 11:00:00,2016-07-18 11:50:00,"Goulbourn","West","Family","Skating","45.263237","-75.907526"
"62",2016-07-25,2016-07-25 11:00:00,2016-07-25 11:50:00,"Goulbourn","West","Family","Skating","45.263237","-75.907526"
"63",2016-08-01,2016-08-01 11:00:00,2016-08-01 11:50:00,"Goulbourn","West","Family","Skating","45.263237","-75.907526"
"64",2016-08-08,2016-08-08 11:00:00,2016-08-08 11:50:00,"Goulbourn","West","Family","Skating","45.263237","-75.907526"
"65",2016-08-15,2016-08-15 11:00:00,2016-08-15 11:50:00,"Goulbourn","West","Family","Skating","45.263237","-75.907526"
"66",2016-08-22,2016-08-22 11:00:00,2016-08-22 11:50:00,"Goulbourn","West","Family","Skating","45.263237","-75.907526"
"67",2016-08-29,2016-08-29 11:00:00,2016-08-29 11:50:00,"Goulbourn","West","Family","Skating","45.263237","-75.907526"
"68",2016-05-04,2016-05-04 11:00:00,2016-05-04 11:50:00,"Ray Friel","East","Public","Skating","45.471382","-75.49173"
"69",2016-05-11,2016-05-11 11:00:00,2016-05-11 11:50:00,"Ray Friel","East","Public","Skating","45.471382","-75.49173"
"70",2016-05-18,2016-05-18 11:00:00,2016-05-18 11:50:00,"Ray Friel","East","Public","Skating","45.471382","-75.49173"
"71",2016-05-25,2016-05-25 11:00:00,2016-05-25 11:50:00,"Ray Friel","East","Public","Skating","45.471382","-75.49173"
"72",2016-06-01,2016-06-01 11:00:00,2016-06-01 11:50:00,"Ray Friel","East","Public","Skating","45.471382","-75.49173"
"73",2016-06-08,2016-06-08 11:00:00,2016-06-08 11:50:00,"Ray Friel","East","Public","Skating","45.471382","-75.49173"
"74",2016-06-15,2016-06-15 11:00:00,2016-06-15 11:50:00,"Ray Friel","East","Public","Skating","45.471382","-75.49173"
"75",2016-06-22,2016-06-22 11:00:00,2016-06-22 11:50:00,"Ray Friel","East","Public","Skating","45.471382","-75.49173"
"76",2016-06-29,2016-06-29 11:00:00,2016-06-29 11:50:00,"Ray Friel","East","Public","Skating","45.471382","-75.49173"
"77",2016-07-06,2016-07-06 11:00:00,2016-07-06 11:50:00,"Ray Friel","East","Public","Skating","45.471382","-75.49173"
"78",2016-07-13,2016-07-13 11:00:00,2016-07-13 11:50:00,"Ray Friel","East","Public","Skating","45.471382","-75.49173"
"79",2016-07-20,2016-07-20 11:00:00,2016-07-20 11:50:00,"Ray Friel","East","Public","Skating","45.471382","-75.49173"
"80",2016-07-27,2016-07-27 11:00:00,2016-07-27 11:50:00,"Ray Friel","East","Public","Skating","45.471382","-75.49173"
"81",2016-08-03,2016-08-03 11:00:00,2016-08-03 11:50:00,"Ray Friel","East","Public","Skating","45.471382","-75.49173"
"82",2016-08-10,2016-08-10 11:00:00,2016-08-10 11:50:00,"Ray Friel","East","Public","Skating","45.471382","-75.49173"
"83",2016-08-17,2016-08-17 11:00:00,2016-08-17 11:50:00,"Ray Friel","East","Public","Skating","45.471382","-75.49173"
"84",2016-08-24,2016-08-24 11:00:00,2016-08-24 11:50:00,"Ray Friel","East","Public","Skating","45.471382","-75.49173"
"85",2016-08-31,2016-08-31 11:00:00,2016-08-31 11:50:00,"Ray Friel","East","Public","Skating","45.471382","-75.49173"
"86",2016-05-23,2016-05-23 11:00:00,2016-05-23 11:50:00,"Ray Friel","East","Public","Skating","45.471382","-75.49173"
"88",2016-06-06,2016-06-06 11:00:00,2016-06-06 11:50:00,"Ray Friel","East","Public","Skating","45.471382","-75.49173"
"89",2016-06-13,2016-06-13 11:00:00,2016-06-13 11:50:00,"Ray Friel","East","Public","Skating","45.471382","-75.49173"
"90",2016-06-20,2016-06-20 11:00:00,2016-06-20 11:50:00,"Ray Friel","East","Public","Skating","45.471382","-75.49173"
"91",2016-06-27,2016-06-27 11:00:00,2016-06-27 11:50:00,"Ray Friel","East","Public","Skating","45.471382","-75.49173"
"92",2016-07-04,2016-07-04 11:00:00,2016-07-04 11:50:00,"Ray Friel","East","Public","Skating","45.471382","-75.49173"
"93",2016-07-11,2016-07-11 11:00:00,2016-07-11 11:50:00,"Ray Friel","East","Public","Skating","45.471382","-75.49173"
"94",2016-07-18,2016-07-18 11:00:00,2016-07-18 11:50:00,"Ray Friel","East","Public","Skating","45.471382","-75.49173"
"95",2016-07-25,2016-07-25 11:00:00,2016-07-25 11:50:00,"Ray Friel","East","Public","Skating","45.471382","-75.49173"
"96",2016-08-01,2016-08-01 11:00:00,2016-08-01 11:50:00,"Ray Friel","East","Public","Skating","45.471382","-75.49173"
"97",2016-08-08,2016-08-08 11:00:00,2016-08-08 11:50:00,"Ray Friel","East","Public","Skating","45.471382","-75.49173"
"98",2016-08-15,2016-08-15 11:00:00,2016-08-15 11:50:00,"Ray Friel","East","Public","Skating","45.471382","-75.49173"
"99",2016-08-22,2016-08-22 11:00:00,2016-08-22 11:50:00,"Ray Friel","East","Public","Skating","45.471382","-75.49173"
"100",2016-08-29,2016-08-29 11:00:00,2016-08-29 11:50:00,"Ray Friel","East","Public","Skating","45.471382","-75.49173"
"101",2016-05-06,2016-05-06 11:00:00,2016-05-06 11:50:00,"Ray Friel","East","Public","Skating","45.471382","-75.49173"
"102",2016-05-13,2016-05-13 11:00:00,2016-05-13 11:50:00,"Ray Friel","East","Public","Skating","45.471382","-75.49173"
"103",2016-05-20,2016-05-20 11:00:00,2016-05-20 11:50:00,"Ray Friel","East","Public","Skating","45.471382","-75.49173"
"104",2016-05-27,2016-05-27 11:00:00,2016-05-27 11:50:00,"Ray Friel","East","Public","Skating","45.471382","-75.49173"
"105",2016-06-03,2016-06-03 11:00:00,2016-06-03 11:50:00,"Ray Friel","East","Public","Skating","45.471382","-75.49173"
"106",2016-06-10,2016-06-10 11:00:00,2016-06-10 11:50:00,"Ray Friel","East","Public","Skating","45.471382","-75.49173"
"107",2016-06-17,2016-06-17 11:00:00,2016-06-17 11:50:00,"Ray Friel","East","Public","Skating","45.471382","-75.49173"
"108",2016-06-24,2016-06-24 11:00:00,2016-06-24 11:50:00,"Ray Friel","East","Public","Skating","45.471382","-75.49173"
"109",2016-07-01,2016-07-01 11:00:00,2016-07-01 11:50:00,"Ray Friel","East","Public","Skating","45.471382","-75.49173"
"110",2016-07-08,2016-07-08 11:00:00,2016-07-08 11:50:00,"Ray Friel","East","Public","Skating","45.471382","-75.49173"
"111",2016-07-15,2016-07-15 11:00:00,2016-07-15 11:50:00,"Ray Friel","East","Public","Skating","45.471382","-75.49173"
"112",2016-07-22,2016-07-22 11:00:00,2016-07-22 11:50:00,"Ray Friel","East","Public","Skating","45.471382","-75.49173"
"113",2016-07-29,2016-07-29 11:00:00,2016-07-29 11:50:00,"Ray Friel","East","Public","Skating","45.471382","-75.49173"
"114",2016-08-05,2016-08-05 11:00:00,2016-08-05 11:50:00,"Ray Friel","East","Public","Skating","45.471382","-75.49173"
"115",2016-08-12,2016-08-12 11:00:00,2016-08-12 11:50:00,"Ray Friel","East","Public","Skating","45.471382","-75.49173"
"116",2016-08-19,2016-08-19 11:00:00,2016-08-19 11:50:00,"Ray Friel","East","Public","Skating","45.471382","-75.49173"
"117",2016-08-26,2016-08-26 11:00:00,2016-08-26 11:50:00,"Ray Friel","East","Public","Skating","45.471382","-75.49173"
"118",2016-05-16,2016-05-16 11:30:00,2016-05-16 12:20:00,"Ray Friel","East","Public","Skating","45.471382","-75.49173"
"120",2016-05-30,2016-05-30 11:30:00,2016-05-30 12:20:00,"Ray Friel","East","Public","Skating","45.471382","-75.49173"
"121",2016-06-06,2016-06-06 11:30:00,2016-06-06 12:20:00,"Ray Friel","East","Public","Skating","45.471382","-75.49173"
"122",2016-06-13,2016-06-13 11:30:00,2016-06-13 12:20:00,"Ray Friel","East","Public","Skating","45.471382","-75.49173"
"123",2016-06-20,2016-06-20 11:30:00,2016-06-20 12:20:00,"Ray Friel","East","Public","Skating","45.471382","-75.49173"
"124",2016-06-27,2016-06-27 11:30:00,2016-06-27 12:20:00,"Ray Friel","East","Public","Skating","45.471382","-75.49173"
"125",2016-07-04,2016-07-04 11:30:00,2016-07-04 12:20:00,"Ray Friel","East","Public","Skating","45.471382","-75.49173"
"126",2016-07-11,2016-07-11 11:30:00,2016-07-11 12:20:00,"Ray Friel","East","Public","Skating","45.471382","-75.49173"
"127",2016-07-18,2016-07-18 11:30:00,2016-07-18 12:20:00,"Ray Friel","East","Public","Skating","45.471382","-75.49173"
"128",2016-07-25,2016-07-25 11:30:00,2016-07-25 12:20:00,"Ray Friel","East","Public","Skating","45.471382","-75.49173"
"129",2016-08-01,2016-08-01 11:30:00,2016-08-01 12:20:00,"Ray Friel","East","Public","Skating","45.471382","-75.49173"
"130",2016-08-08,2016-08-08 11:30:00,2016-08-08 12:20:00,"Ray Friel","East","Public","Skating","45.471382","-75.49173"
"131",2016-08-15,2016-08-15 11:30:00,2016-08-15 12:20:00,"Ray Friel","East","Public","Skating","45.471382","-75.49173"
"132",2016-08-22,2016-08-22 11:30:00,2016-08-22 12:20:00,"Ray Friel","East","Public","Skating","45.471382","-75.49173"
"133",2016-08-29,2016-08-29 11:30:00,2016-08-29 12:20:00,"Ray Friel","East","Public","Skating","45.471382","-75.49173"
"134",2016-05-05,2016-05-05 12:00:00,2016-05-05 12:50:00,"Goulbourn","West","Adult","Skating","45.263237","-75.907526"
"135",2016-05-12,2016-05-12 12:00:00,2016-05-12 12:50:00,"Goulbourn","West","Adult","Skating","45.263237","-75.907526"
"136",2016-05-19,2016-05-19 12:00:00,2016-05-19 12:50:00,"Goulbourn","West","Adult","Skating","45.263237","-75.907526"
"137",2016-05-26,2016-05-26 12:00:00,2016-05-26 12:50:00,"Goulbourn","West","Adult","Skating","45.263237","-75.907526"
"138",2016-06-02,2016-06-02 12:00:00,2016-06-02 12:50:00,"Goulbourn","West","Adult","Skating","45.263237","-75.907526"
"139",2016-06-09,2016-06-09 12:00:00,2016-06-09 12:50:00,"Goulbourn","West","Adult","Skating","45.263237","-75.907526"
"140",2016-06-16,2016-06-16 12:00:00,2016-06-16 12:50:00,"Goulbourn","West","Adult","Skating","45.263237","-75.907526"
"141",2016-06-23,2016-06-23 12:00:00,2016-06-23 12:50:00,"Goulbourn","West","Adult","Skating","45.263237","-75.907526"
"142",2016-06-30,2016-06-30 12:00:00,2016-06-30 12:50:00,"Goulbourn","West","Adult","Skating","45.263237","-75.907526"
"143",2016-07-07,2016-07-07 12:00:00,2016-07-07 12:50:00,"Goulbourn","West","Adult","Skating","45.263237","-75.907526"
"144",2016-07-14,2016-07-14 12:00:00,2016-07-14 12:50:00,"Goulbourn","West","Adult","Skating","45.263237","-75.907526"
"145",2016-07-21,2016-07-21 12:00:00,2016-07-21 12:50:00,"Goulbourn","West","Adult","Skating","45.263237","-75.907526"
"146",2016-07-28,2016-07-28 12:00:00,2016-07-28 12:50:00,"Goulbourn","West","Adult","Skating","45.263237","-75.907526"
"147",2016-08-04,2016-08-04 12:00:00,2016-08-04 12:50:00,"Goulbourn","West","Adult","Skating","45.263237","-75.907526"
"148",2016-08-11,2016-08-11 12:00:00,2016-08-11 12:50:00,"Goulbourn","West","Adult","Skating","45.263237","-75.907526"
"149",2016-08-18,2016-08-18 12:00:00,2016-08-18 12:50:00,"Goulbourn","West","Adult","Skating","45.263237","-75.907526"
"150",2016-08-25,2016-08-25 12:00:00,2016-08-25 12:50:00,"Goulbourn","West","Adult","Skating","45.263237","-75.907526"
"151",2016-05-03,2016-05-03 12:00:00,2016-05-03 12:50:00,"Goulbourn","West","Pickup 35+","Hockey","45.263237","-75.907526"
"152",2016-05-10,2016-05-10 12:00:00,2016-05-10 12:50:00,"Goulbourn","West","Pickup 35+","Hockey","45.263237","-75.907526"
"153",2016-05-17,2016-05-17 12:00:00,2016-05-17 12:50:00,"Goulbourn","West","Pickup 35+","Hockey","45.263237","-75.907526"
"154",2016-05-24,2016-05-24 12:00:00,2016-05-24 12:50:00,"Goulbourn","West","Pickup 35+","Hockey","45.263237","-75.907526"
"155",2016-05-31,2016-05-31 12:00:00,2016-05-31 12:50:00,"Goulbourn","West","Pickup 35+","Hockey","45.263237","-75.907526"
"156",2016-06-07,2016-06-07 12:00:00,2016-06-07 12:50:00,"Goulbourn","West","Pickup 35+","Hockey","45.263237","-75.907526"
"157",2016-06-14,2016-06-14 12:00:00,2016-06-14 12:50:00,"Goulbourn","West","Pickup 35+","Hockey","45.263237","-75.907526"
"158",2016-06-21,2016-06-21 12:00:00,2016-06-21 12:50:00,"Goulbourn","West","Pickup 35+","Hockey","45.263237","-75.907526"
"159",2016-06-28,2016-06-28 12:00:00,2016-06-28 12:50:00,"Goulbourn","West","Pickup 35+","Hockey","45.263237","-75.907526"
"160",2016-07-05,2016-07-05 12:00:00,2016-07-05 12:50:00,"Goulbourn","West","Pickup 35+","Hockey","45.263237","-75.907526"
"161",2016-07-12,2016-07-12 12:00:00,2016-07-12 12:50:00,"Goulbourn","West","Pickup 35+","Hockey","45.263237","-75.907526"
"162",2016-07-19,2016-07-19 12:00:00,2016-07-19 12:50:00,"Goulbourn","West","Pickup 35+","Hockey","45.263237","-75.907526"
"163",2016-07-26,2016-07-26 12:00:00,2016-07-26 12:50:00,"Goulbourn","West","Pickup 35+","Hockey","45.263237","-75.907526"
"164",2016-08-02,2016-08-02 12:00:00,2016-08-02 12:50:00,"Goulbourn","West","Pickup 35+","Hockey","45.263237","-75.907526"
"165",2016-08-09,2016-08-09 12:00:00,2016-08-09 12:50:00,"Goulbourn","West","Pickup 35+","Hockey","45.263237","-75.907526"
"166",2016-08-16,2016-08-16 12:00:00,2016-08-16 12:50:00,"Goulbourn","West","Pickup 35+","Hockey","45.263237","-75.907526"
"167",2016-08-23,2016-08-23 12:00:00,2016-08-23 12:50:00,"Goulbourn","West","Pickup 35+","Hockey","45.263237","-75.907526"
"168",2016-08-30,2016-08-30 12:00:00,2016-08-30 12:50:00,"Goulbourn","West","Pickup 35+","Hockey","45.263237","-75.907526"
"169",2016-05-18,2016-05-18 12:00:00,2016-05-18 12:50:00,"Jim Durrell Recreation Centre","Central","Adult","Skating","45.372846","-75.6597"
"170",2016-05-25,2016-05-25 12:00:00,2016-05-25 12:50:00,"Jim Durrell Recreation Centre","Central","Adult","Skating","45.372846","-75.6597"
"171",2016-06-01,2016-06-01 12:00:00,2016-06-01 12:50:00,"Jim Durrell Recreation Centre","Central","Adult","Skating","45.372846","-75.6597"
"172",2016-06-08,2016-06-08 12:00:00,2016-06-08 12:50:00,"Jim Durrell Recreation Centre","Central","Adult","Skating","45.372846","-75.6597"
"173",2016-06-15,2016-06-15 12:00:00,2016-06-15 12:50:00,"Jim Durrell Recreation Centre","Central","Adult","Skating","45.372846","-75.6597"
"174",2016-06-22,2016-06-22 12:00:00,2016-06-22 12:50:00,"Jim Durrell Recreation Centre","Central","Adult","Skating","45.372846","-75.6597"
"175",2016-06-29,2016-06-29 12:00:00,2016-06-29 12:50:00,"Jim Durrell Recreation Centre","Central","Adult","Skating","45.372846","-75.6597"
"176",2016-07-06,2016-07-06 12:00:00,2016-07-06 12:50:00,"Jim Durrell Recreation Centre","Central","Adult","Skating","45.372846","-75.6597"
"177",2016-07-13,2016-07-13 12:00:00,2016-07-13 12:50:00,"Jim Durrell Recreation Centre","Central","Adult","Skating","45.372846","-75.6597"
"178",2016-07-20,2016-07-20 12:00:00,2016-07-20 12:50:00,"Jim Durrell Recreation Centre","Central","Adult","Skating","45.372846","-75.6597"
"179",2016-07-27,2016-07-27 12:00:00,2016-07-27 12:50:00,"Jim Durrell Recreation Centre","Central","Adult","Skating","45.372846","-75.6597"
"180",2016-08-03,2016-08-03 12:00:00,2016-08-03 12:50:00,"Jim Durrell Recreation Centre","Central","Adult","Skating","45.372846","-75.6597"
"181",2016-08-10,2016-08-10 12:00:00,2016-08-10 12:50:00,"Jim Durrell Recreation Centre","Central","Adult","Skating","45.372846","-75.6597"
"182",2016-08-17,2016-08-17 12:00:00,2016-08-17 12:50:00,"Jim Durrell Recreation Centre","Central","Adult","Skating","45.372846","-75.6597"
"183",2016-08-24,2016-08-24 12:00:00,2016-08-24 12:50:00,"Jim Durrell Recreation Centre","Central","Adult","Skating","45.372846","-75.6597"
"184",2016-08-31,2016-08-31 12:00:00,2016-08-31 12:50:00,"Jim Durrell Recreation Centre","Central","Adult","Skating","45.372846","-75.6597"
"185",2016-05-13,2016-05-13 12:00:00,2016-05-13 12:50:00,"Jim Durrell Recreation Centre","Central","Adult","Skating","45.372846","-75.6597"
"186",2016-05-20,2016-05-20 12:00:00,2016-05-20 12:50:00,"Jim Durrell Recreation Centre","Central","Adult","Skating","45.372846","-75.6597"
"187",2016-05-27,2016-05-27 12:00:00,2016-05-27 12:50:00,"Jim Durrell Recreation Centre","Central","Adult","Skating","45.372846","-75.6597"
"188",2016-06-03,2016-06-03 12:00:00,2016-06-03 12:50:00,"Jim Durrell Recreation Centre","Central","Adult","Skating","45.372846","-75.6597"
"189",2016-06-10,2016-06-10 12:00:00,2016-06-10 12:50:00,"Jim Durrell Recreation Centre","Central","Adult","Skating","45.372846","-75.6597"
"190",2016-06-17,2016-06-17 12:00:00,2016-06-17 12:50:00,"Jim Durrell Recreation Centre","Central","Adult","Skating","45.372846","-75.6597"
"191",2016-06-24,2016-06-24 12:00:00,2016-06-24 12:50:00,"Jim Durrell Recreation Centre","Central","Adult","Skating","45.372846","-75.6597"
"192",2016-07-01,2016-07-01 12:00:00,2016-07-01 12:50:00,"Jim Durrell Recreation Centre","Central","Adult","Skating","45.372846","-75.6597"
"193",2016-07-08,2016-07-08 12:00:00,2016-07-08 12:50:00,"Jim Durrell Recreation Centre","Central","Adult","Skating","45.372846","-75.6597"
"194",2016-07-15,2016-07-15 12:00:00,2016-07-15 12:50:00,"Jim Durrell Recreation Centre","Central","Adult","Skating","45.372846","-75.6597"
"195",2016-07-22,2016-07-22 12:00:00,2016-07-22 12:50:00,"Jim Durrell Recreation Centre","Central","Adult","Skating","45.372846","-75.6597"
"196",2016-07-29,2016-07-29 12:00:00,2016-07-29 12:50:00,"Jim Durrell Recreation Centre","Central","Adult","Skating","45.372846","-75.6597"
"197",2016-08-05,2016-08-05 12:00:00,2016-08-05 12:50:00,"Jim Durrell Recreation Centre","Central","Adult","Skating","45.372846","-75.6597"
"198",2016-08-12,2016-08-12 12:00:00,2016-08-12 12:50:00,"Jim Durrell Recreation Centre","Central","Adult","Skating","45.372846","-75.6597"
"199",2016-08-19,2016-08-19 12:00:00,2016-08-19 12:50:00,"Jim Durrell Recreation Centre","Central","Adult","Skating","45.372846","-75.6597"
"200",2016-08-26,2016-08-26 12:00:00,2016-08-26 12:50:00,"Jim Durrell Recreation Centre","Central","Adult","Skating","45.372846","-75.6597"
"201",2016-05-12,2016-05-12 12:00:00,2016-05-12 12:50:00,"Jim Durrell Recreation Centre","Central","Adult","Skating","45.372846","-75.6597"
"202",2016-05-19,2016-05-19 12:00:00,2016-05-19 12:50:00,"Jim Durrell Recreation Centre","Central","Adult","Skating","45.372846","-75.6597"
"203",2016-05-26,2016-05-26 12:00:00,2016-05-26 12:50:00,"Jim Durrell Recreation Centre","Central","Adult","Skating","45.372846","-75.6597"
"204",2016-06-02,2016-06-02 12:00:00,2016-06-02 12:50:00,"Jim Durrell Recreation Centre","Central","Adult","Skating","45.372846","-75.6597"
"205",2016-06-09,2016-06-09 12:00:00,2016-06-09 12:50:00,"Jim Durrell Recreation Centre","Central","Adult","Skating","45.372846","-75.6597"
"206",2016-06-16,2016-06-16 12:00:00,2016-06-16 12:50:00,"Jim Durrell Recreation Centre","Central","Adult","Skating","45.372846","-75.6597"
"207",2016-06-23,2016-06-23 12:00:00,2016-06-23 12:50:00,"Jim Durrell Recreation Centre","Central","Adult","Skating","45.372846","-75.6597"
"208",2016-06-30,2016-06-30 12:00:00,2016-06-30 12:50:00,"Jim Durrell Recreation Centre","Central","Adult","Skating","45.372846","-75.6597"
"209",2016-07-07,2016-07-07 12:00:00,2016-07-07 12:50:00,"Jim Durrell Recreation Centre","Central","Adult","Skating","45.372846","-75.6597"
"210",2016-07-14,2016-07-14 12:00:00,2016-07-14 12:50:00,"Jim Durrell Recreation Centre","Central","Adult","Skating","45.372846","-75.6597"
"211",2016-07-21,2016-07-21 12:00:00,2016-07-21 12:50:00,"Jim Durrell Recreation Centre","Central","Adult","Skating","45.372846","-75.6597"
"212",2016-07-28,2016-07-28 12:00:00,2016-07-28 12:50:00,"Jim Durrell Recreation Centre","Central","Adult","Skating","45.372846","-75.6597"
"213",2016-08-04,2016-08-04 12:00:00,2016-08-04 12:50:00,"Jim Durrell Recreation Centre","Central","Adult","Skating","45.372846","-75.6597"
"214",2016-08-11,2016-08-11 12:00:00,2016-08-11 12:50:00,"Jim Durrell Recreation Centre","Central","Adult","Skating","45.372846","-75.6597"
"215",2016-08-18,2016-08-18 12:00:00,2016-08-18 12:50:00,"Jim Durrell Recreation Centre","Central","Adult","Skating","45.372846","-75.6597"
"216",2016-08-25,2016-08-25 12:00:00,2016-08-25 12:50:00,"Jim Durrell Recreation Centre","Central","Adult","Skating","45.372846","-75.6597"
"217",2016-05-10,2016-05-10 12:00:00,2016-05-10 12:50:00,"Jim Durrell Recreation Centre","Central","Adult","Skating","45.372846","-75.6597"
"218",2016-05-17,2016-05-17 12:00:00,2016-05-17 12:50:00,"Jim Durrell Recreation Centre","Central","Adult","Skating","45.372846","-75.6597"
"219",2016-05-24,2016-05-24 12:00:00,2016-05-24 12:50:00,"Jim Durrell Recreation Centre","Central","Adult","Skating","45.372846","-75.6597"
"220",2016-05-31,2016-05-31 12:00:00,2016-05-31 12:50:00,"Jim Durrell Recreation Centre","Central","Adult","Skating","45.372846","-75.6597"
"221",2016-06-07,2016-06-07 12:00:00,2016-06-07 12:50:00,"Jim Durrell Recreation Centre","Central","Adult","Skating","45.372846","-75.6597"
"222",2016-06-14,2016-06-14 12:00:00,2016-06-14 12:50:00,"Jim Durrell Recreation Centre","Central","Adult","Skating","45.372846","-75.6597"
"223",2016-06-21,2016-06-21 12:00:00,2016-06-21 12:50:00,"Jim Durrell Recreation Centre","Central","Adult","Skating","45.372846","-75.6597"
"224",2016-06-28,2016-06-28 12:00:00,2016-06-28 12:50:00,"Jim Durrell Recreation Centre","Central","Adult","Skating","45.372846","-75.6597"
"225",2016-07-05,2016-07-05 12:00:00,2016-07-05 12:50:00,"Jim Durrell Recreation Centre","Central","Adult","Skating","45.372846","-75.6597"
"226",2016-07-12,2016-07-12 12:00:00,2016-07-12 12:50:00,"Jim Durrell Recreation Centre","Central","Adult","Skating","45.372846","-75.6597"
"227",2016-07-19,2016-07-19 12:00:00,2016-07-19 12:50:00,"Jim Durrell Recreation Centre","Central","Adult","Skating","45.372846","-75.6597"
"228",2016-07-26,2016-07-26 12:00:00,2016-07-26 12:50:00,"Jim Durrell Recreation Centre","Central","Adult","Skating","45.372846","-75.6597"
"229",2016-08-02,2016-08-02 12:00:00,2016-08-02 12:50:00,"Jim Durrell Recreation Centre","Central","Adult","Skating","45.372846","-75.6597"
"230",2016-08-09,2016-08-09 12:00:00,2016-08-09 12:50:00,"Jim Durrell Recreation Centre","Central","Adult","Skating","45.372846","-75.6597"
"231",2016-08-16,2016-08-16 12:00:00,2016-08-16 12:50:00,"Jim Durrell Recreation Centre","Central","Adult","Skating","45.372846","-75.6597"
"232",2016-08-23,2016-08-23 12:00:00,2016-08-23 12:50:00,"Jim Durrell Recreation Centre","Central","Adult","Skating","45.372846","-75.6597"
"233",2016-08-30,2016-08-30 12:00:00,2016-08-30 12:50:00,"Jim Durrell Recreation Centre","Central","Adult","Skating","45.372846","-75.6597"
"234",2016-05-16,2016-05-16 12:00:00,2016-05-16 12:50:00,"Jim Durrell Recreation Centre","Central","Adult","Skating","45.372846","-75.6597"
"235",2016-05-23,2016-05-23 12:00:00,2016-05-23 12:50:00,"Jim Durrell Recreation Centre","Central","Adult","Skating","45.372846","-75.6597"
"236",2016-05-30,2016-05-30 12:00:00,2016-05-30 12:50:00,"Jim Durrell Recreation Centre","Central","Adult","Skating","45.372846","-75.6597"
"237",2016-06-06,2016-06-06 12:00:00,2016-06-06 12:50:00,"Jim Durrell Recreation Centre","Central","Adult","Skating","45.372846","-75.6597"
"238",2016-06-13,2016-06-13 12:00:00,2016-06-13 12:50:00,"Jim Durrell Recreation Centre","Central","Adult","Skating","45.372846","-75.6597"
"239",2016-06-20,2016-06-20 12:00:00,2016-06-20 12:50:00,"Jim Durrell Recreation Centre","Central","Adult","Skating","45.372846","-75.6597"
"240",2016-06-27,2016-06-27 12:00:00,2016-06-27 12:50:00,"Jim Durrell Recreation Centre","Central","Adult","Skating","45.372846","-75.6597"
"241",2016-07-04,2016-07-04 12:00:00,2016-07-04 12:50:00,"Jim Durrell Recreation Centre","Central","Adult","Skating","45.372846","-75.6597"
"242",2016-07-11,2016-07-11 12:00:00,2016-07-11 12:50:00,"Jim Durrell Recreation Centre","Central","Adult","Skating","45.372846","-75.6597"
"243",2016-07-18,2016-07-18 12:00:00,2016-07-18 12:50:00,"Jim Durrell Recreation Centre","Central","Adult","Skating","45.372846","-75.6597"
"244",2016-07-25,2016-07-25 12:00:00,2016-07-25 12:50:00,"Jim Durrell Recreation Centre","Central","Adult","Skating","45.372846","-75.6597"
"245",2016-08-01,2016-08-01 12:00:00,2016-08-01 12:50:00,"Jim Durrell Recreation Centre","Central","Adult","Skating","45.372846","-75.6597"
"246",2016-08-08,2016-08-08 12:00:00,2016-08-08 12:50:00,"Jim Durrell Recreation Centre","Central","Adult","Skating","45.372846","-75.6597"
"247",2016-08-15,2016-08-15 12:00:00,2016-08-15 12:50:00,"Jim Durrell Recreation Centre","Central","Adult","Skating","45.372846","-75.6597"
"248",2016-08-22,2016-08-22 12:00:00,2016-08-22 12:50:00,"Jim Durrell Recreation Centre","Central","Adult","Skating","45.372846","-75.6597"
"249",2016-08-29,2016-08-29 12:00:00,2016-08-29 12:50:00,"Jim Durrell Recreation Centre","Central","Adult","Skating","45.372846","-75.6597"
"250",2016-05-09,2016-05-09 12:00:00,2016-05-09 13:20:00,"Jim Durrell Recreation Centre","Central","Pickup 18+","Hockey","45.372846","-75.6597"
"251",2016-05-16,2016-05-16 12:00:00,2016-05-16 13:20:00,"Jim Durrell Recreation Centre","Central","Pickup 18+","Hockey","45.372846","-75.6597"
"252",2016-05-23,2016-05-23 12:00:00,2016-05-23 13:20:00,"Jim Durrell Recreation Centre","Central","Pickup 18+","Hockey","45.372846","-75.6597"
"253",2016-05-30,2016-05-30 12:00:00,2016-05-30 13:20:00,"Jim Durrell Recreation Centre","Central","Pickup 18+","Hockey","45.372846","-75.6597"
"254",2016-06-06,2016-06-06 12:00:00,2016-06-06 13:20:00,"Jim Durrell Recreation Centre","Central","Pickup 18+","Hockey","45.372846","-75.6597"
"255",2016-06-13,2016-06-13 12:00:00,2016-06-13 13:20:00,"Jim Durrell Recreation Centre","Central","Pickup 18+","Hockey","45.372846","-75.6597"
"256",2016-06-20,2016-06-20 12:00:00,2016-06-20 13:20:00,"Jim Durrell Recreation Centre","Central","Pickup 18+","Hockey","45.372846","-75.6597"
"257",2016-06-27,2016-06-27 12:00:00,2016-06-27 13:20:00,"Jim Durrell Recreation Centre","Central","Pickup 18+","Hockey","45.372846","-75.6597"
"258",2016-07-04,2016-07-04 12:00:00,2016-07-04 13:20:00,"Jim Durrell Recreation Centre","Central","Pickup 18+","Hockey","45.372846","-75.6597"
"259",2016-07-11,2016-07-11 12:00:00,2016-07-11 13:20:00,"Jim Durrell Recreation Centre","Central","Pickup 18+","Hockey","45.372846","-75.6597"
"260",2016-07-18,2016-07-18 12:00:00,2016-07-18 13:20:00,"Jim Durrell Recreation Centre","Central","Pickup 18+","Hockey","45.372846","-75.6597"
"261",2016-07-25,2016-07-25 12:00:00,2016-07-25 13:20:00,"Jim Durrell Recreation Centre","Central","Pickup 18+","Hockey","45.372846","-75.6597"
"262",2016-08-01,2016-08-01 12:00:00,2016-08-01 13:20:00,"Jim Durrell Recreation Centre","Central","Pickup 18+","Hockey","45.372846","-75.6597"
"263",2016-08-08,2016-08-08 12:00:00,2016-08-08 13:20:00,"Jim Durrell Recreation Centre","Central","Pickup 18+","Hockey","45.372846","-75.6597"
"264",2016-08-15,2016-08-15 12:00:00,2016-08-15 13:20:00,"Jim Durrell Recreation Centre","Central","Pickup 18+","Hockey","45.372846","-75.6597"
"265",2016-08-22,2016-08-22 12:00:00,2016-08-22 13:20:00,"Jim Durrell Recreation Centre","Central","Pickup 18+","Hockey","45.372846","-75.6597"
"266",2016-08-29,2016-08-29 12:00:00,2016-08-29 13:20:00,"Jim Durrell Recreation Centre","Central","Pickup 18+","Hockey","45.372846","-75.6597"
"267",2016-05-03,2016-05-03 12:00:00,2016-05-03 13:20:00,"Ray Friel","East","Pickup 18+","Hockey","45.471382","-75.49173"
"268",2016-05-10,2016-05-10 12:00:00,2016-05-10 13:20:00,"Ray Friel","East","Pickup 18+","Hockey","45.471382","-75.49173"
"269",2016-05-17,2016-05-17 12:00:00,2016-05-17 13:20:00,"Ray Friel","East","Pickup 18+","Hockey","45.471382","-75.49173"
"270",2016-05-24,2016-05-24 12:00:00,2016-05-24 13:20:00,"Ray Friel","East","Pickup 18+","Hockey","45.471382","-75.49173"
"271",2016-05-31,2016-05-31 12:00:00,2016-05-31 13:20:00,"Ray Friel","East","Pickup 18+","Hockey","45.471382","-75.49173"
"272",2016-06-07,2016-06-07 12:00:00,2016-06-07 13:20:00,"Ray Friel","East","Pickup 18+","Hockey","45.471382","-75.49173"
"273",2016-06-14,2016-06-14 12:00:00,2016-06-14 13:20:00,"Ray Friel","East","Pickup 18+","Hockey","45.471382","-75.49173"
"274",2016-06-21,2016-06-21 12:00:00,2016-06-21 13:20:00,"Ray Friel","East","Pickup 18+","Hockey","45.471382","-75.49173"
"275",2016-06-28,2016-06-28 12:00:00,2016-06-28 13:20:00,"Ray Friel","East","Pickup 18+","Hockey","45.471382","-75.49173"
"276",2016-07-05,2016-07-05 12:00:00,2016-07-05 13:20:00,"Ray Friel","East","Pickup 18+","Hockey","45.471382","-75.49173"
"277",2016-07-12,2016-07-12 12:00:00,2016-07-12 13:20:00,"Ray Friel","East","Pickup 18+","Hockey","45.471382","-75.49173"
"278",2016-07-19,2016-07-19 12:00:00,2016-07-19 13:20:00,"Ray Friel","East","Pickup 18+","Hockey","45.471382","-75.49173"
"279",2016-07-26,2016-07-26 12:00:00,2016-07-26 13:20:00,"Ray Friel","East","Pickup 18+","Hockey","45.471382","-75.49173"
"280",2016-08-02,2016-08-02 12:00:00,2016-08-02 13:20:00,"Ray Friel","East","Pickup 18+","Hockey","45.471382","-75.49173"
"281",2016-08-09,2016-08-09 12:00:00,2016-08-09 13:20:00,"Ray Friel","East","Pickup 18+","Hockey","45.471382","-75.49173"
"282",2016-08-16,2016-08-16 12:00:00,2016-08-16 13:20:00,"Ray Friel","East","Pickup 18+","Hockey","45.471382","-75.49173"
"283",2016-08-23,2016-08-23 12:00:00,2016-08-23 13:20:00,"Ray Friel","East","Pickup 18+","Hockey","45.471382","-75.49173"
"284",2016-08-30,2016-08-30 12:00:00,2016-08-30 13:20:00,"Ray Friel","East","Pickup 18+","Hockey","45.471382","-75.49173"
"285",2016-05-04,2016-05-04 12:00:00,2016-05-04 13:20:00,"Ray Friel","East","Pickup 18+","Hockey","45.471382","-75.49173"
"286",2016-05-11,2016-05-11 12:00:00,2016-05-11 13:20:00,"Ray Friel","East","Pickup 18+","Hockey","45.471382","-75.49173"
"287",2016-05-18,2016-05-18 12:00:00,2016-05-18 13:20:00,"Ray Friel","East","Pickup 18+","Hockey","45.471382","-75.49173"
"288",2016-05-25,2016-05-25 12:00:00,2016-05-25 13:20:00,"Ray Friel","East","Pickup 18+","Hockey","45.471382","-75.49173"
"289",2016-06-01,2016-06-01 12:00:00,2016-06-01 13:20:00,"Ray Friel","East","Pickup 18+","Hockey","45.471382","-75.49173"
"290",2016-06-08,2016-06-08 12:00:00,2016-06-08 13:20:00,"Ray Friel","East","Pickup 18+","Hockey","45.471382","-75.49173"
"291",2016-06-15,2016-06-15 12:00:00,2016-06-15 13:20:00,"Ray Friel","East","Pickup 18+","Hockey","45.471382","-75.49173"
"292",2016-06-22,2016-06-22 12:00:00,2016-06-22 13:20:00,"Ray Friel","East","Pickup 18+","Hockey","45.471382","-75.49173"
"293",2016-06-29,2016-06-29 12:00:00,2016-06-29 13:20:00,"Ray Friel","East","Pickup 18+","Hockey","45.471382","-75.49173"
"294",2016-07-06,2016-07-06 12:00:00,2016-07-06 13:20:00,"Ray Friel","East","Pickup 18+","Hockey","45.471382","-75.49173"
"295",2016-07-13,2016-07-13 12:00:00,2016-07-13 13:20:00,"Ray Friel","East","Pickup 18+","Hockey","45.471382","-75.49173"
"296",2016-07-20,2016-07-20 12:00:00,2016-07-20 13:20:00,"Ray Friel","East","Pickup 18+","Hockey","45.471382","-75.49173"
"297",2016-07-27,2016-07-27 12:00:00,2016-07-27 13:20:00,"Ray Friel","East","Pickup 18+","Hockey","45.471382","-75.49173"
"298",2016-08-03,2016-08-03 12:00:00,2016-08-03 13:20:00,"Ray Friel","East","Pickup 18+","Hockey","45.471382","-75.49173"
"299",2016-08-10,2016-08-10 12:00:00,2016-08-10 13:20:00,"Ray Friel","East","Pickup 18+","Hockey","45.471382","-75.49173"
"300",2016-08-17,2016-08-17 12:00:00,2016-08-17 13:20:00,"Ray Friel","East","Pickup 18+","Hockey","45.471382","-75.49173"
"301",2016-08-24,2016-08-24 12:00:00,2016-08-24 13:20:00,"Ray Friel","East","Pickup 18+","Hockey","45.471382","-75.49173"
"302",2016-08-31,2016-08-31 12:00:00,2016-08-31 13:20:00,"Ray Friel","East","Pickup 18+","Hockey","45.471382","-75.49173"
"303",2016-05-02,2016-05-02 12:00:00,2016-05-02 13:20:00,"Ray Friel","East","Pickup 18+","Hockey","45.471382","-75.49173"
"304",2016-05-09,2016-05-09 12:00:00,2016-05-09 13:20:00,"Ray Friel","East","Pickup 18+","Hockey","45.471382","-75.49173"
"306",2016-05-23,2016-05-23 12:00:00,2016-05-23 13:20:00,"Ray Friel","East","Pickup 18+","Hockey","45.471382","-75.49173"
"308",2016-06-06,2016-06-06 12:00:00,2016-06-06 13:20:00,"Ray Friel","East","Pickup 18+","Hockey","45.471382","-75.49173"
"309",2016-06-13,2016-06-13 12:00:00,2016-06-13 13:20:00,"Ray Friel","East","Pickup 18+","Hockey","45.471382","-75.49173"
"310",2016-06-20,2016-06-20 12:00:00,2016-06-20 13:20:00,"Ray Friel","East","Pickup 18+","Hockey","45.471382","-75.49173"
"311",2016-06-27,2016-06-27 12:00:00,2016-06-27 13:20:00,"Ray Friel","East","Pickup 18+","Hockey","45.471382","-75.49173"
"312",2016-07-04,2016-07-04 12:00:00,2016-07-04 13:20:00,"Ray Friel","East","Pickup 18+","Hockey","45.471382","-75.49173"
"313",2016-07-11,2016-07-11 12:00:00,2016-07-11 13:20:00,"Ray Friel","East","Pickup 18+","Hockey","45.471382","-75.49173"
"314",2016-07-18,2016-07-18 12:00:00,2016-07-18 13:20:00,"Ray Friel","East","Pickup 18+","Hockey","45.471382","-75.49173"
"315",2016-07-25,2016-07-25 12:00:00,2016-07-25 13:20:00,"Ray Friel","East","Pickup 18+","Hockey","45.471382","-75.49173"
"316",2016-08-01,2016-08-01 12:00:00,2016-08-01 13:20:00,"Ray Friel","East","Pickup 18+","Hockey","45.471382","-75.49173"
"317",2016-08-08,2016-08-08 12:00:00,2016-08-08 13:20:00,"Ray Friel","East","Pickup 18+","Hockey","45.471382","-75.49173"
"318",2016-08-15,2016-08-15 12:00:00,2016-08-15 13:20:00,"Ray Friel","East","Pickup 18+","Hockey","45.471382","-75.49173"
"319",2016-08-22,2016-08-22 12:00:00,2016-08-22 13:20:00,"Ray Friel","East","Pickup 18+","Hockey","45.471382","-75.49173"
"320",2016-08-29,2016-08-29 12:00:00,2016-08-29 13:20:00,"Ray Friel","East","Pickup 18+","Hockey","45.471382","-75.49173"
"321",2016-05-13,2016-05-13 12:00:00,2016-05-13 13:20:00,"Ray Friel","East","Pickup 18+","Hockey","45.471382","-75.49173"
"322",2016-05-20,2016-05-20 12:00:00,2016-05-20 13:20:00,"Ray Friel","East","Pickup 18+","Hockey","45.471382","-75.49173"
"323",2016-05-27,2016-05-27 12:00:00,2016-05-27 13:20:00,"Ray Friel","East","Pickup 18+","Hockey","45.471382","-75.49173"
"324",2016-06-03,2016-06-03 12:00:00,2016-06-03 13:20:00,"Ray Friel","East","Pickup 18+","Hockey","45.471382","-75.49173"
"325",2016-06-10,2016-06-10 12:00:00,2016-06-10 13:20:00,"Ray Friel","East","Pickup 18+","Hockey","45.471382","-75.49173"
"326",2016-06-17,2016-06-17 12:00:00,2016-06-17 13:20:00,"Ray Friel","East","Pickup 18+","Hockey","45.471382","-75.49173"
"327",2016-06-24,2016-06-24 12:00:00,2016-06-24 13:20:00,"Ray Friel","East","Pickup 18+","Hockey","45.471382","-75.49173"
"328",2016-07-01,2016-07-01 12:00:00,2016-07-01 13:20:00,"Ray Friel","East","Pickup 18+","Hockey","45.471382","-75.49173"
"329",2016-07-08,2016-07-08 12:00:00,2016-07-08 13:20:00,"Ray Friel","East","Pickup 18+","Hockey","45.471382","-75.49173"
"330",2016-07-15,2016-07-15 12:00:00,2016-07-15 13:20:00,"Ray Friel","East","Pickup 18+","Hockey","45.471382","-75.49173"
"331",2016-07-22,2016-07-22 12:00:00,2016-07-22 13:20:00,"Ray Friel","East","Pickup 18+","Hockey","45.471382","-75.49173"
"332",2016-07-29,2016-07-29 12:00:00,2016-07-29 13:20:00,"Ray Friel","East","Pickup 18+","Hockey","45.471382","-75.49173"
"333",2016-08-05,2016-08-05 12:00:00,2016-08-05 13:20:00,"Ray Friel","East","Pickup 18+","Hockey","45.471382","-75.49173"
"334",2016-08-12,2016-08-12 12:00:00,2016-08-12 13:20:00,"Ray Friel","East","Pickup 18+","Hockey","45.471382","-75.49173"
"335",2016-08-19,2016-08-19 12:00:00,2016-08-19 13:20:00,"Ray Friel","East","Pickup 18+","Hockey","45.471382","-75.49173"
"336",2016-08-26,2016-08-26 12:00:00,2016-08-26 13:20:00,"Ray Friel","East","Pickup 18+","Hockey","45.471382","-75.49173"
"337",2016-05-05,2016-05-05 12:00:00,2016-05-05 13:20:00,"Ray Friel","East","Pickup 18+","Hockey","45.471382","-75.49173"
"338",2016-05-12,2016-05-12 12:00:00,2016-05-12 13:20:00,"Ray Friel","East","Pickup 18+","Hockey","45.471382","-75.49173"
"339",2016-05-19,2016-05-19 12:00:00,2016-05-19 13:20:00,"Ray Friel","East","Pickup 18+","Hockey","45.471382","-75.49173"
"340",2016-05-26,2016-05-26 12:00:00,2016-05-26 13:20:00,"Ray Friel","East","Pickup 18+","Hockey","45.471382","-75.49173"
"341",2016-06-02,2016-06-02 12:00:00,2016-06-02 13:20:00,"Ray Friel","East","Pickup 18+","Hockey","45.471382","-75.49173"
"342",2016-06-09,2016-06-09 12:00:00,2016-06-09 13:20:00,"Ray Friel","East","Pickup 18+","Hockey","45.471382","-75.49173"
"343",2016-06-16,2016-06-16 12:00:00,2016-06-16 13:20:00,"Ray Friel","East","Pickup 18+","Hockey","45.471382","-75.49173"
"344",2016-06-23,2016-06-23 12:00:00,2016-06-23 13:20:00,"Ray Friel","East","Pickup 18+","Hockey","45.471382","-75.49173"
"345",2016-06-30,2016-06-30 12:00:00,2016-06-30 13:20:00,"Ray Friel","East","Pickup 18+","Hockey","45.471382","-75.49173"
"346",2016-07-07,2016-07-07 12:00:00,2016-07-07 13:20:00,"Ray Friel","East","Pickup 18+","Hockey","45.471382","-75.49173"
"347",2016-07-14,2016-07-14 12:00:00,2016-07-14 13:20:00,"Ray Friel","East","Pickup 18+","Hockey","45.471382","-75.49173"
"348",2016-07-21,2016-07-21 12:00:00,2016-07-21 13:20:00,"Ray Friel","East","Pickup 18+","Hockey","45.471382","-75.49173"
"349",2016-07-28,2016-07-28 12:00:00,2016-07-28 13:20:00,"Ray Friel","East","Pickup 18+","Hockey","45.471382","-75.49173"
"350",2016-08-04,2016-08-04 12:00:00,2016-08-04 13:20:00,"Ray Friel","East","Pickup 18+","Hockey","45.471382","-75.49173"
"351",2016-08-11,2016-08-11 12:00:00,2016-08-11 13:20:00,"Ray Friel","East","Pickup 18+","Hockey","45.471382","-75.49173"
"352",2016-08-18,2016-08-18 12:00:00,2016-08-18 13:20:00,"Ray Friel","East","Pickup 18+","Hockey","45.471382","-75.49173"
"353",2016-08-25,2016-08-25 12:00:00,2016-08-25 13:20:00,"Ray Friel","East","Pickup 18+","Hockey","45.471382","-75.49173"
"354",2016-05-07,2016-05-07 12:00:00,2016-05-07 12:50:00,"Ray Friel","East","Public","Skating","45.471382","-75.49173"
"355",2016-05-14,2016-05-14 12:00:00,2016-05-14 12:50:00,"Ray Friel","East","Public","Skating","45.471382","-75.49173"
"356",2016-05-21,2016-05-21 12:00:00,2016-05-21 12:50:00,"Ray Friel","East","Public","Skating","45.471382","-75.49173"
"357",2016-05-28,2016-05-28 12:00:00,2016-05-28 12:50:00,"Ray Friel","East","Public","Skating","45.471382","-75.49173"
"358",2016-06-04,2016-06-04 12:00:00,2016-06-04 12:50:00,"Ray Friel","East","Public","Skating","45.471382","-75.49173"
"359",2016-06-11,2016-06-11 12:00:00,2016-06-11 12:50:00,"Ray Friel","East","Public","Skating","45.471382","-75.49173"
"360",2016-06-18,2016-06-18 12:00:00,2016-06-18 12:50:00,"Ray Friel","East","Public","Skating","45.471382","-75.49173"
"361",2016-06-25,2016-06-25 12:00:00,2016-06-25 12:50:00,"Ray Friel","East","Public","Skating","45.471382","-75.49173"
"362",2016-07-02,2016-07-02 12:00:00,2016-07-02 12:50:00,"Ray Friel","East","Public","Skating","45.471382","-75.49173"
"363",2016-07-09,2016-07-09 12:00:00,2016-07-09 12:50:00,"Ray Friel","East","Public","Skating","45.471382","-75.49173"
"364",2016-07-16,2016-07-16 12:00:00,2016-07-16 12:50:00,"Ray Friel","East","Public","Skating","45.471382","-75.49173"
"365",2016-07-23,2016-07-23 12:00:00,2016-07-23 12:50:00,"Ray Friel","East","Public","Skating","45.471382","-75.49173"
"366",2016-07-30,2016-07-30 12:00:00,2016-07-30 12:50:00,"Ray Friel","East","Public","Skating","45.471382","-75.49173"
"367",2016-08-06,2016-08-06 12:00:00,2016-08-06 12:50:00,"Ray Friel","East","Public","Skating","45.471382","-75.49173"
"368",2016-08-13,2016-08-13 12:00:00,2016-08-13 12:50:00,"Ray Friel","East","Public","Skating","45.471382","-75.49173"
"369",2016-08-20,2016-08-20 12:00:00,2016-08-20 12:50:00,"Ray Friel","East","Public","Skating","45.471382","-75.49173"
"370",2016-08-27,2016-08-27 12:00:00,2016-08-27 12:50:00,"Ray Friel","East","Public","Skating","45.471382","-75.49173"
"371",2016-05-22,2016-05-22 12:00:00,2016-05-22 12:50:00,"Ray Friel","East","Shinny - Youth","Shinny","45.471382","-75.49173"
"372",2016-05-29,2016-05-29 12:00:00,2016-05-29 12:50:00,"Ray Friel","East","Shinny - Youth","Shinny","45.471382","-75.49173"
"373",2016-06-05,2016-06-05 12:00:00,2016-06-05 12:50:00,"Ray Friel","East","Shinny - Youth","Shinny","45.471382","-75.49173"
"374",2016-06-12,2016-06-12 12:00:00,2016-06-12 12:50:00,"Ray Friel","East","Shinny - Youth","Shinny","45.471382","-75.49173"
"375",2016-06-19,2016-06-19 12:00:00,2016-06-19 12:50:00,"Ray Friel","East","Shinny - Youth","Shinny","45.471382","-75.49173"
"376",2016-06-26,2016-06-26 12:00:00,2016-06-26 12:50:00,"Ray Friel","East","Shinny - Youth","Shinny","45.471382","-75.49173"
"377",2016-07-03,2016-07-03 12:00:00,2016-07-03 12:50:00,"Ray Friel","East","Shinny - Youth","Shinny","45.471382","-75.49173"
"378",2016-07-10,2016-07-10 12:00:00,2016-07-10 12:50:00,"Ray Friel","East","Shinny - Youth","Shinny","45.471382","-75.49173"
"379",2016-07-17,2016-07-17 12:00:00,2016-07-17 12:50:00,"Ray Friel","East","Shinny - Youth","Shinny","45.471382","-75.49173"
"380",2016-07-24,2016-07-24 12:00:00,2016-07-24 12:50:00,"Ray Friel","East","Shinny - Youth","Shinny","45.471382","-75.49173"
"381",2016-07-31,2016-07-31 12:00:00,2016-07-31 12:50:00,"Ray Friel","East","Shinny - Youth","Shinny","45.471382","-75.49173"
"382",2016-08-07,2016-08-07 12:00:00,2016-08-07 12:50:00,"Ray Friel","East","Shinny - Youth","Shinny","45.471382","-75.49173"
"383",2016-08-14,2016-08-14 12:00:00,2016-08-14 12:50:00,"Ray Friel","East","Shinny - Youth","Shinny","45.471382","-75.49173"
"384",2016-08-21,2016-08-21 12:00:00,2016-08-21 12:50:00,"Ray Friel","East","Shinny - Youth","Shinny","45.471382","-75.49173"
"385",2016-08-28,2016-08-28 12:00:00,2016-08-28 12:50:00,"Ray Friel","East","Shinny - Youth","Shinny","45.471382","-75.49173"
"386",2016-05-05,2016-05-05 12:15:00,2016-05-05 13:05:00,"Goulbourn","West","Pickup 35+","Hockey","45.263237","-75.907526"
"387",2016-05-12,2016-05-12 12:15:00,2016-05-12 13:05:00,"Goulbourn","West","Pickup 35+","Hockey","45.263237","-75.907526"
"388",2016-05-19,2016-05-19 12:15:00,2016-05-19 13:05:00,"Goulbourn","West","Pickup 35+","Hockey","45.263237","-75.907526"
"389",2016-05-26,2016-05-26 12:15:00,2016-05-26 13:05:00,"Goulbourn","West","Pickup 35+","Hockey","45.263237","-75.907526"
"390",2016-06-02,2016-06-02 12:15:00,2016-06-02 13:05:00,"Goulbourn","West","Pickup 35+","Hockey","45.263237","-75.907526"
"391",2016-06-09,2016-06-09 12:15:00,2016-06-09 13:05:00,"Goulbourn","West","Pickup 35+","Hockey","45.263237","-75.907526"
"392",2016-06-16,2016-06-16 12:15:00,2016-06-16 13:05:00,"Goulbourn","West","Pickup 35+","Hockey","45.263237","-75.907526"
"393",2016-06-23,2016-06-23 12:15:00,2016-06-23 13:05:00,"Goulbourn","West","Pickup 35+","Hockey","45.263237","-75.907526"
"394",2016-06-30,2016-06-30 12:15:00,2016-06-30 13:05:00,"Goulbourn","West","Pickup 35+","Hockey","45.263237","-75.907526"
"395",2016-07-07,2016-07-07 12:15:00,2016-07-07 13:05:00,"Goulbourn","West","Pickup 35+","Hockey","45.263237","-75.907526"
"396",2016-07-14,2016-07-14 12:15:00,2016-07-14 13:05:00,"Goulbourn","West","Pickup 35+","Hockey","45.263237","-75.907526"
"397",2016-07-21,2016-07-21 12:15:00,2016-07-21 13:05:00,"Goulbourn","West","Pickup 35+","Hockey","45.263237","-75.907526"
"398",2016-07-28,2016-07-28 12:15:00,2016-07-28 13:05:00,"Goulbourn","West","Pickup 35+","Hockey","45.263237","-75.907526"
"399",2016-08-04,2016-08-04 12:15:00,2016-08-04 13:05:00,"Goulbourn","West","Pickup 35+","Hockey","45.263237","-75.907526"
"400",2016-08-11,2016-08-11 12:15:00,2016-08-11 13:05:00,"Goulbourn","West","Pickup 35+","Hockey","45.263237","-75.907526"
"401",2016-08-18,2016-08-18 12:15:00,2016-08-18 13:05:00,"Goulbourn","West","Pickup 35+","Hockey","45.263237","-75.907526"
"402",2016-08-25,2016-08-25 12:15:00,2016-08-25 13:05:00,"Goulbourn","West","Pickup 35+","Hockey","45.263237","-75.907526"
"403",2016-05-29,2016-05-29 12:30:00,2016-05-29 14:20:00,"Kanata","West","Public","Skating","45.295047","-75.903432"
"404",2016-06-05,2016-06-05 12:30:00,2016-06-05 14:20:00,"Kanata","West","Public","Skating","45.295047","-75.903432"
"405",2016-06-12,2016-06-12 12:30:00,2016-06-12 14:20:00,"Kanata","West","Public","Skating","45.295047","-75.903432"
"406",2016-06-19,2016-06-19 12:30:00,2016-06-19 14:20:00,"Kanata","West","Public","Skating","45.295047","-75.903432"
"407",2016-06-26,2016-06-26 12:30:00,2016-06-26 14:20:00,"Kanata","West","Public","Skating","45.295047","-75.903432"
"408",2016-07-03,2016-07-03 12:30:00,2016-07-03 14:20:00,"Kanata","West","Public","Skating","45.295047","-75.903432"
"409",2016-07-10,2016-07-10 12:30:00,2016-07-10 14:20:00,"Kanata","West","Public","Skating","45.295047","-75.903432"
"410",2016-07-17,2016-07-17 12:30:00,2016-07-17 14:20:00,"Kanata","West","Public","Skating","45.295047","-75.903432"
"411",2016-07-24,2016-07-24 12:30:00,2016-07-24 14:20:00,"Kanata","West","Public","Skating","45.295047","-75.903432"
"412",2016-07-31,2016-07-31 12:30:00,2016-07-31 14:20:00,"Kanata","West","Public","Skating","45.295047","-75.903432"
"413",2016-08-07,2016-08-07 12:30:00,2016-08-07 14:20:00,"Kanata","West","Public","Skating","45.295047","-75.903432"
"414",2016-08-14,2016-08-14 12:30:00,2016-08-14 14:20:00,"Kanata","West","Public","Skating","45.295047","-75.903432"
"415",2016-08-21,2016-08-21 12:30:00,2016-08-21 14:20:00,"Kanata","West","Public","Skating","45.295047","-75.903432"
"416",2016-08-28,2016-08-28 12:30:00,2016-08-28 14:20:00,"Kanata","West","Public","Skating","45.295047","-75.903432"
"417",2016-05-16,2016-05-16 12:30:00,2016-05-16 13:50:00,"Ray Friel","East","Pickup 18+","Hockey","45.471382","-75.49173"
"419",2016-05-30,2016-05-30 12:30:00,2016-05-30 13:50:00,"Ray Friel","East","Pickup 18+","Hockey","45.471382","-75.49173"
"420",2016-06-06,2016-06-06 12:30:00,2016-06-06 13:50:00,"Ray Friel","East","Pickup 18+","Hockey","45.471382","-75.49173"
"421",2016-06-13,2016-06-13 12:30:00,2016-06-13 13:50:00,"Ray Friel","East","Pickup 18+","Hockey","45.471382","-75.49173"
"422",2016-06-20,2016-06-20 12:30:00,2016-06-20 13:50:00,"Ray Friel","East","Pickup 18+","Hockey","45.471382","-75.49173"
"423",2016-06-27,2016-06-27 12:30:00,2016-06-27 13:50:00,"Ray Friel","East","Pickup 18+","Hockey","45.471382","-75.49173"
"424",2016-07-04,2016-07-04 12:30:00,2016-07-04 13:50:00,"Ray Friel","East","Pickup 18+","Hockey","45.471382","-75.49173"
"425",2016-07-11,2016-07-11 12:30:00,2016-07-11 13:50:00,"Ray Friel","East","Pickup 18+","Hockey","45.471382","-75.49173"
"426",2016-07-18,2016-07-18 12:30:00,2016-07-18 13:50:00,"Ray Friel","East","Pickup 18+","Hockey","45.471382","-75.49173"
"427",2016-07-25,2016-07-25 12:30:00,2016-07-25 13:50:00,"Ray Friel","East","Pickup 18+","Hockey","45.471382","-75.49173"
"428",2016-08-01,2016-08-01 12:30:00,2016-08-01 13:50:00,"Ray Friel","East","Pickup 18+","Hockey","45.471382","-75.49173"
"429",2016-08-08,2016-08-08 12:30:00,2016-08-08 13:50:00,"Ray Friel","East","Pickup 18+","Hockey","45.471382","-75.49173"
"430",2016-08-15,2016-08-15 12:30:00,2016-08-15 13:50:00,"Ray Friel","East","Pickup 18+","Hockey","45.471382","-75.49173"
"431",2016-08-22,2016-08-22 12:30:00,2016-08-22 13:50:00,"Ray Friel","East","Pickup 18+","Hockey","45.471382","-75.49173"
"432",2016-08-29,2016-08-29 12:30:00,2016-08-29 13:50:00,"Ray Friel","East","Pickup 18+","Hockey","45.471382","-75.49173"
"433",2016-05-02,2016-05-02 13:00:00,2016-05-02 14:50:00,"Bob MacQuarrie - Orlans",NA,"Family","Skating",NA,NA
"434",2016-05-09,2016-05-09 13:00:00,2016-05-09 14:50:00,"Bob MacQuarrie - Orlans",NA,"Family","Skating",NA,NA
"436",2016-05-23,2016-05-23 13:00:00,2016-05-23 14:50:00,"Bob MacQuarrie - Orlans",NA,"Family","Skating",NA,NA
"437",2016-05-30,2016-05-30 13:00:00,2016-05-30 14:50:00,"Bob MacQuarrie - Orlans",NA,"Family","Skating",NA,NA
"438",2016-06-06,2016-06-06 13:00:00,2016-06-06 14:50:00,"Bob MacQuarrie - Orlans",NA,"Family","Skating",NA,NA
"439",2016-06-13,2016-06-13 13:00:00,2016-06-13 14:50:00,"Bob MacQuarrie - Orlans",NA,"Family","Skating",NA,NA
"440",2016-06-20,2016-06-20 13:00:00,2016-06-20 14:50:00,"Bob MacQuarrie - Orlans",NA,"Family","Skating",NA,NA
"441",2016-06-27,2016-06-27 13:00:00,2016-06-27 14:50:00,"Bob MacQuarrie - Orlans",NA,"Family","Skating",NA,NA
"442",2016-07-04,2016-07-04 13:00:00,2016-07-04 14:50:00,"Bob MacQuarrie - Orlans",NA,"Family","Skating",NA,NA
"443",2016-07-11,2016-07-11 13:00:00,2016-07-11 14:50:00,"Bob MacQuarrie - Orlans",NA,"Family","Skating",NA,NA
"444",2016-07-18,2016-07-18 13:00:00,2016-07-18 14:50:00,"Bob MacQuarrie - Orlans",NA,"Family","Skating",NA,NA
"445",2016-07-25,2016-07-25 13:00:00,2016-07-25 14:50:00,"Bob MacQuarrie - Orlans",NA,"Family","Skating",NA,NA
"446",2016-08-01,2016-08-01 13:00:00,2016-08-01 14:50:00,"Bob MacQuarrie - Orlans",NA,"Family","Skating",NA,NA
"447",2016-08-08,2016-08-08 13:00:00,2016-08-08 14:50:00,"Bob MacQuarrie - Orlans",NA,"Family","Skating",NA,NA
"448",2016-08-15,2016-08-15 13:00:00,2016-08-15 14:50:00,"Bob MacQuarrie - Orlans",NA,"Family","Skating",NA,NA
"449",2016-08-22,2016-08-22 13:00:00,2016-08-22 14:50:00,"Bob MacQuarrie - Orlans",NA,"Family","Skating",NA,NA
"450",2016-08-29,2016-08-29 13:00:00,2016-08-29 14:50:00,"Bob MacQuarrie - Orlans",NA,"Family","Skating",NA,NA
"451",2016-05-08,2016-05-08 13:00:00,2016-05-08 14:50:00,"Bob MacQuarrie - Orlans",NA,"Public","Skating",NA,NA
"452",2016-05-15,2016-05-15 13:00:00,2016-05-15 14:50:00,"Bob MacQuarrie - Orlans",NA,"Public","Skating",NA,NA
"453",2016-05-22,2016-05-22 13:00:00,2016-05-22 14:50:00,"Bob MacQuarrie - Orlans",NA,"Public","Skating",NA,NA
"454",2016-05-29,2016-05-29 13:00:00,2016-05-29 14:50:00,"Bob MacQuarrie - Orlans",NA,"Public","Skating",NA,NA
"455",2016-06-05,2016-06-05 13:00:00,2016-06-05 14:50:00,"Bob MacQuarrie - Orlans",NA,"Public","Skating",NA,NA
"456",2016-06-12,2016-06-12 13:00:00,2016-06-12 14:50:00,"Bob MacQuarrie - Orlans",NA,"Public","Skating",NA,NA
"457",2016-06-19,2016-06-19 13:00:00,2016-06-19 14:50:00,"Bob MacQuarrie - Orlans",NA,"Public","Skating",NA,NA
"458",2016-06-26,2016-06-26 13:00:00,2016-06-26 14:50:00,"Bob MacQuarrie - Orlans",NA,"Public","Skating",NA,NA
"459",2016-07-03,2016-07-03 13:00:00,2016-07-03 14:50:00,"Bob MacQuarrie - Orlans",NA,"Public","Skating",NA,NA
"460",2016-07-10,2016-07-10 13:00:00,2016-07-10 14:50:00,"Bob MacQuarrie - Orlans",NA,"Public","Skating",NA,NA
"461",2016-07-17,2016-07-17 13:00:00,2016-07-17 14:50:00,"Bob MacQuarrie - Orlans",NA,"Public","Skating",NA,NA
"462",2016-07-24,2016-07-24 13:00:00,2016-07-24 14:50:00,"Bob MacQuarrie - Orlans",NA,"Public","Skating",NA,NA
"463",2016-07-31,2016-07-31 13:00:00,2016-07-31 14:50:00,"Bob MacQuarrie - Orlans",NA,"Public","Skating",NA,NA
"464",2016-08-07,2016-08-07 13:00:00,2016-08-07 14:50:00,"Bob MacQuarrie - Orlans",NA,"Public","Skating",NA,NA
"465",2016-08-14,2016-08-14 13:00:00,2016-08-14 14:50:00,"Bob MacQuarrie - Orlans",NA,"Public","Skating",NA,NA
"466",2016-08-21,2016-08-21 13:00:00,2016-08-21 14:50:00,"Bob MacQuarrie - Orlans",NA,"Public","Skating",NA,NA
"467",2016-08-28,2016-08-28 13:00:00,2016-08-28 14:50:00,"Bob MacQuarrie - Orlans",NA,"Public","Skating",NA,NA
"468",2016-05-05,2016-05-05 13:00:00,2016-05-05 13:50:00,"Goulbourn","West","Family","Skating","45.263237","-75.907526"
"469",2016-05-12,2016-05-12 13:00:00,2016-05-12 13:50:00,"Goulbourn","West","Family","Skating","45.263237","-75.907526"
"470",2016-05-19,2016-05-19 13:00:00,2016-05-19 13:50:00,"Goulbourn","West","Family","Skating","45.263237","-75.907526"
"471",2016-05-26,2016-05-26 13:00:00,2016-05-26 13:50:00,"Goulbourn","West","Family","Skating","45.263237","-75.907526"
"472",2016-06-02,2016-06-02 13:00:00,2016-06-02 13:50:00,"Goulbourn","West","Family","Skating","45.263237","-75.907526"
"473",2016-06-09,2016-06-09 13:00:00,2016-06-09 13:50:00,"Goulbourn","West","Family","Skating","45.263237","-75.907526"
"474",2016-06-16,2016-06-16 13:00:00,2016-06-16 13:50:00,"Goulbourn","West","Family","Skating","45.263237","-75.907526"
"475",2016-06-23,2016-06-23 13:00:00,2016-06-23 13:50:00,"Goulbourn","West","Family","Skating","45.263237","-75.907526"
"476",2016-06-30,2016-06-30 13:00:00,2016-06-30 13:50:00,"Goulbourn","West","Family","Skating","45.263237","-75.907526"
"477",2016-07-07,2016-07-07 13:00:00,2016-07-07 13:50:00,"Goulbourn","West","Family","Skating","45.263237","-75.907526"
"478",2016-07-14,2016-07-14 13:00:00,2016-07-14 13:50:00,"Goulbourn","West","Family","Skating","45.263237","-75.907526"
"479",2016-07-21,2016-07-21 13:00:00,2016-07-21 13:50:00,"Goulbourn","West","Family","Skating","45.263237","-75.907526"
"480",2016-07-28,2016-07-28 13:00:00,2016-07-28 13:50:00,"Goulbourn","West","Family","Skating","45.263237","-75.907526"
"481",2016-08-04,2016-08-04 13:00:00,2016-08-04 13:50:00,"Goulbourn","West","Family","Skating","45.263237","-75.907526"
"482",2016-08-11,2016-08-11 13:00:00,2016-08-11 13:50:00,"Goulbourn","West","Family","Skating","45.263237","-75.907526"
"483",2016-08-18,2016-08-18 13:00:00,2016-08-18 13:50:00,"Goulbourn","West","Family","Skating","45.263237","-75.907526"
"484",2016-08-25,2016-08-25 13:00:00,2016-08-25 13:50:00,"Goulbourn","West","Family","Skating","45.263237","-75.907526"
"485",2016-05-07,2016-05-07 13:00:00,2016-05-07 14:20:00,"Goulbourn","West","Public","Skating","45.263237","-75.907526"
"486",2016-05-14,2016-05-14 13:00:00,2016-05-14 14:20:00,"Goulbourn","West","Public","Skating","45.263237","-75.907526"
"487",2016-05-21,2016-05-21 13:00:00,2016-05-21 14:20:00,"Goulbourn","West","Public","Skating","45.263237","-75.907526"
"489",2016-06-04,2016-06-04 13:00:00,2016-06-04 14:20:00,"Goulbourn","West","Public","Skating","45.263237","-75.907526"
"490",2016-06-11,2016-06-11 13:00:00,2016-06-11 14:20:00,"Goulbourn","West","Public","Skating","45.263237","-75.907526"
"491",2016-06-18,2016-06-18 13:00:00,2016-06-18 14:20:00,"Goulbourn","West","Public","Skating","45.263237","-75.907526"
"492",2016-06-25,2016-06-25 13:00:00,2016-06-25 14:20:00,"Goulbourn","West","Public","Skating","45.263237","-75.907526"
"493",2016-07-02,2016-07-02 13:00:00,2016-07-02 14:20:00,"Goulbourn","West","Public","Skating","45.263237","-75.907526"
"494",2016-07-09,2016-07-09 13:00:00,2016-07-09 14:20:00,"Goulbourn","West","Public","Skating","45.263237","-75.907526"
"495",2016-07-16,2016-07-16 13:00:00,2016-07-16 14:20:00,"Goulbourn","West","Public","Skating","45.263237","-75.907526"
"496",2016-07-23,2016-07-23 13:00:00,2016-07-23 14:20:00,"Goulbourn","West","Public","Skating","45.263237","-75.907526"
"497",2016-07-30,2016-07-30 13:00:00,2016-07-30 14:20:00,"Goulbourn","West","Public","Skating","45.263237","-75.907526"
"498",2016-08-06,2016-08-06 13:00:00,2016-08-06 14:20:00,"Goulbourn","West","Public","Skating","45.263237","-75.907526"
"499",2016-08-13,2016-08-13 13:00:00,2016-08-13 14:20:00,"Goulbourn","West","Public","Skating","45.263237","-75.907526"
"500",2016-08-20,2016-08-20 13:00:00,2016-08-20 14:20:00,"Goulbourn","West","Public","Skating","45.263237","-75.907526"
"501",2016-08-27,2016-08-27 13:00:00,2016-08-27 14:20:00,"Goulbourn","West","Public","Skating","45.263237","-75.907526"
"502",2016-05-22,2016-05-22 13:00:00,2016-05-22 13:50:00,"Ray Friel","East","Shinny - Children","Shinny","45.471382","-75.49173"
"503",2016-05-29,2016-05-29 13:00:00,2016-05-29 13:50:00,"Ray Friel","East","Shinny - Children","Shinny","45.471382","-75.49173"
"504",2016-06-05,2016-06-05 13:00:00,2016-06-05 13:50:00,"Ray Friel","East","Shinny - Children","Shinny","45.471382","-75.49173"
"505",2016-06-12,2016-06-12 13:00:00,2016-06-12 13:50:00,"Ray Friel","East","Shinny - Children","Shinny","45.471382","-75.49173"
"506",2016-06-19,2016-06-19 13:00:00,2016-06-19 13:50:00,"Ray Friel","East","Shinny - Children","Shinny","45.471382","-75.49173"
"507",2016-06-26,2016-06-26 13:00:00,2016-06-26 13:50:00,"Ray Friel","East","Shinny - Children","Shinny","45.471382","-75.49173"
"508",2016-07-03,2016-07-03 13:00:00,2016-07-03 13:50:00,"Ray Friel","East","Shinny - Children","Shinny","45.471382","-75.49173"
"509",2016-07-10,2016-07-10 13:00:00,2016-07-10 13:50:00,"Ray Friel","East","Shinny - Children","Shinny","45.471382","-75.49173"
"510",2016-07-17,2016-07-17 13:00:00,2016-07-17 13:50:00,"Ray Friel","East","Shinny - Children","Shinny","45.471382","-75.49173"
"511",2016-07-24,2016-07-24 13:00:00,2016-07-24 13:50:00,"Ray Friel","East","Shinny - Children","Shinny","45.471382","-75.49173"
"512",2016-07-31,2016-07-31 13:00:00,2016-07-31 13:50:00,"Ray Friel","East","Shinny - Children","Shinny","45.471382","-75.49173"
"513",2016-08-07,2016-08-07 13:00:00,2016-08-07 13:50:00,"Ray Friel","East","Shinny - Children","Shinny","45.471382","-75.49173"
"514",2016-08-14,2016-08-14 13:00:00,2016-08-14 13:50:00,"Ray Friel","East","Shinny - Children","Shinny","45.471382","-75.49173"
"515",2016-08-21,2016-08-21 13:00:00,2016-08-21 13:50:00,"Ray Friel","East","Shinny - Children","Shinny","45.471382","-75.49173"
"516",2016-08-28,2016-08-28 13:00:00,2016-08-28 13:50:00,"Ray Friel","East","Shinny - Children","Shinny","45.471382","-75.49173"
"517",2016-05-22,2016-05-22 14:00:00,2016-05-22 14:50:00,"Ray Friel","East","Pickup 18+","Hockey","45.471382","-75.49173"
"518",2016-05-29,2016-05-29 14:00:00,2016-05-29 14:50:00,"Ray Friel","East","Pickup 18+","Hockey","45.471382","-75.49173"
"519",2016-06-05,2016-06-05 14:00:00,2016-06-05 14:50:00,"Ray Friel","East","Pickup 18+","Hockey","45.471382","-75.49173"
"520",2016-06-12,2016-06-12 14:00:00,2016-06-12 14:50:00,"Ray Friel","East","Pickup 18+","Hockey","45.471382","-75.49173"
"521",2016-06-19,2016-06-19 14:00:00,2016-06-19 14:50:00,"Ray Friel","East","Pickup 18+","Hockey","45.471382","-75.49173"
"522",2016-06-26,2016-06-26 14:00:00,2016-06-26 14:50:00,"Ray Friel","East","Pickup 18+","Hockey","45.471382","-75.49173"
"523",2016-07-03,2016-07-03 14:00:00,2016-07-03 14:50:00,"Ray Friel","East","Pickup 18+","Hockey","45.471382","-75.49173"
"524",2016-07-10,2016-07-10 14:00:00,2016-07-10 14:50:00,"Ray Friel","East","Pickup 18+","Hockey","45.471382","-75.49173"
"525",2016-07-17,2016-07-17 14:00:00,2016-07-17 14:50:00,"Ray Friel","East","Pickup 18+","Hockey","45.471382","-75.49173"
"526",2016-07-24,2016-07-24 14:00:00,2016-07-24 14:50:00,"Ray Friel","East","Pickup 18+","Hockey","45.471382","-75.49173"
"527",2016-07-31,2016-07-31 14:00:00,2016-07-31 14:50:00,"Ray Friel","East","Pickup 18+","Hockey","45.471382","-75.49173"
"528",2016-08-07,2016-08-07 14:00:00,2016-08-07 14:50:00,"Ray Friel","East","Pickup 18+","Hockey","45.471382","-75.49173"
"529",2016-08-14,2016-08-14 14:00:00,2016-08-14 14:50:00,"Ray Friel","East","Pickup 18+","Hockey","45.471382","-75.49173"
"530",2016-08-21,2016-08-21 14:00:00,2016-08-21 14:50:00,"Ray Friel","East","Pickup 18+","Hockey","45.471382","-75.49173"
"531",2016-08-28,2016-08-28 14:00:00,2016-08-28 14:50:00,"Ray Friel","East","Pickup 18+","Hockey","45.471382","-75.49173"
"532",2016-05-08,2016-05-08 15:00:00,2016-05-08 15:50:00,"Ray Friel","East","Public","Skating","45.471382","-75.49173"
"533",2016-05-15,2016-05-15 15:00:00,2016-05-15 15:50:00,"Ray Friel","East","Public","Skating","45.471382","-75.49173"
"534",2016-05-22,2016-05-22 15:00:00,2016-05-22 15:50:00,"Ray Friel","East","Public","Skating","45.471382","-75.49173"
"535",2016-05-29,2016-05-29 15:00:00,2016-05-29 15:50:00,"Ray Friel","East","Public","Skating","45.471382","-75.49173"
"536",2016-06-05,2016-06-05 15:00:00,2016-06-05 15:50:00,"Ray Friel","East","Public","Skating","45.471382","-75.49173"
"537",2016-06-12,2016-06-12 15:00:00,2016-06-12 15:50:00,"Ray Friel","East","Public","Skating","45.471382","-75.49173"
"538",2016-06-19,2016-06-19 15:00:00,2016-06-19 15:50:00,"Ray Friel","East","Public","Skating","45.471382","-75.49173"
"539",2016-06-26,2016-06-26 15:00:00,2016-06-26 15:50:00,"Ray Friel","East","Public","Skating","45.471382","-75.49173"
"540",2016-07-03,2016-07-03 15:00:00,2016-07-03 15:50:00,"Ray Friel","East","Public","Skating","45.471382","-75.49173"
"541",2016-07-10,2016-07-10 15:00:00,2016-07-10 15:50:00,"Ray Friel","East","Public","Skating","45.471382","-75.49173"
"542",2016-07-17,2016-07-17 15:00:00,2016-07-17 15:50:00,"Ray Friel","East","Public","Skating","45.471382","-75.49173"
"543",2016-07-24,2016-07-24 15:00:00,2016-07-24 15:50:00,"Ray Friel","East","Public","Skating","45.471382","-75.49173"
"544",2016-07-31,2016-07-31 15:00:00,2016-07-31 15:50:00,"Ray Friel","East","Public","Skating","45.471382","-75.49173"
"545",2016-08-07,2016-08-07 15:00:00,2016-08-07 15:50:00,"Ray Friel","East","Public","Skating","45.471382","-75.49173"
"546",2016-08-14,2016-08-14 15:00:00,2016-08-14 15:50:00,"Ray Friel","East","Public","Skating","45.471382","-75.49173"
"547",2016-08-21,2016-08-21 15:00:00,2016-08-21 15:50:00,"Ray Friel","East","Public","Skating","45.471382","-75.49173"
"548",2016-08-28,2016-08-28 15:00:00,2016-08-28 15:50:00,"Ray Friel","East","Public","Skating","45.471382","-75.49173"
"549",2016-05-08,2016-05-08 15:30:00,2016-05-08 17:20:00,"Jim Durrell Recreation Centre","Central","Family","Skating","45.372846","-75.6597"
"550",2016-05-15,2016-05-15 15:30:00,2016-05-15 17:20:00,"Jim Durrell Recreation Centre","Central","Family","Skating","45.372846","-75.6597"
"551",2016-05-22,2016-05-22 15:30:00,2016-05-22 17:20:00,"Jim Durrell Recreation Centre","Central","Family","Skating","45.372846","-75.6597"
"552",2016-05-29,2016-05-29 15:30:00,2016-05-29 17:20:00,"Jim Durrell Recreation Centre","Central","Family","Skating","45.372846","-75.6597"
"553",2016-06-05,2016-06-05 15:30:00,2016-06-05 17:20:00,"Jim Durrell Recreation Centre","Central","Family","Skating","45.372846","-75.6597"
"554",2016-06-12,2016-06-12 15:30:00,2016-06-12 17:20:00,"Jim Durrell Recreation Centre","Central","Family","Skating","45.372846","-75.6597"
"555",2016-06-19,2016-06-19 15:30:00,2016-06-19 17:20:00,"Jim Durrell Recreation Centre","Central","Family","Skating","45.372846","-75.6597"
"556",2016-06-26,2016-06-26 15:30:00,2016-06-26 17:20:00,"Jim Durrell Recreation Centre","Central","Family","Skating","45.372846","-75.6597"
"557",2016-07-03,2016-07-03 15:30:00,2016-07-03 17:20:00,"Jim Durrell Recreation Centre","Central","Family","Skating","45.372846","-75.6597"
"558",2016-07-10,2016-07-10 15:30:00,2016-07-10 17:20:00,"Jim Durrell Recreation Centre","Central","Family","Skating","45.372846","-75.6597"
"559",2016-07-17,2016-07-17 15:30:00,2016-07-17 17:20:00,"Jim Durrell Recreation Centre","Central","Family","Skating","45.372846","-75.6597"
"560",2016-07-24,2016-07-24 15:30:00,2016-07-24 17:20:00,"Jim Durrell Recreation Centre","Central","Family","Skating","45.372846","-75.6597"
"561",2016-07-31,2016-07-31 15:30:00,2016-07-31 17:20:00,"Jim Durrell Recreation Centre","Central","Family","Skating","45.372846","-75.6597"
"562",2016-08-07,2016-08-07 15:30:00,2016-08-07 17:20:00,"Jim Durrell Recreation Centre","Central","Family","Skating","45.372846","-75.6597"
"563",2016-08-14,2016-08-14 15:30:00,2016-08-14 17:20:00,"Jim Durrell Recreation Centre","Central","Family","Skating","45.372846","-75.6597"
"564",2016-08-21,2016-08-21 15:30:00,2016-08-21 17:20:00,"Jim Durrell Recreation Centre","Central","Family","Skating","45.372846","-75.6597"
"565",2016-08-28,2016-08-28 15:30:00,2016-08-28 17:20:00,"Jim Durrell Recreation Centre","Central","Family","Skating","45.372846","-75.6597"
"566",2016-05-08,2016-05-08 16:00:00,2016-05-08 16:50:00,"Minto - Barrhaven","South","Family","Skating","45.253397","-75.736022"
"567",2016-05-15,2016-05-15 16:00:00,2016-05-15 16:50:00,"Minto - Barrhaven","South","Family","Skating","45.253397","-75.736022"
"568",2016-05-22,2016-05-22 16:00:00,2016-05-22 16:50:00,"Minto - Barrhaven","South","Family","Skating","45.253397","-75.736022"
"569",2016-05-29,2016-05-29 16:00:00,2016-05-29 16:50:00,"Minto - Barrhaven","South","Family","Skating","45.253397","-75.736022"
"570",2016-06-05,2016-06-05 16:00:00,2016-06-05 16:50:00,"Minto - Barrhaven","South","Family","Skating","45.253397","-75.736022"
"571",2016-06-12,2016-06-12 16:00:00,2016-06-12 16:50:00,"Minto - Barrhaven","South","Family","Skating","45.253397","-75.736022"
"572",2016-06-19,2016-06-19 16:00:00,2016-06-19 16:50:00,"Minto - Barrhaven","South","Family","Skating","45.253397","-75.736022"
"573",2016-06-26,2016-06-26 16:00:00,2016-06-26 16:50:00,"Minto - Barrhaven","South","Family","Skating","45.253397","-75.736022"
"574",2016-07-03,2016-07-03 16:00:00,2016-07-03 16:50:00,"Minto - Barrhaven","South","Family","Skating","45.253397","-75.736022"
"575",2016-07-10,2016-07-10 16:00:00,2016-07-10 16:50:00,"Minto - Barrhaven","South","Family","Skating","45.253397","-75.736022"
"576",2016-07-17,2016-07-17 16:00:00,2016-07-17 16:50:00,"Minto - Barrhaven","South","Family","Skating","45.253397","-75.736022"
"577",2016-07-24,2016-07-24 16:00:00,2016-07-24 16:50:00,"Minto - Barrhaven","South","Family","Skating","45.253397","-75.736022"
"578",2016-07-31,2016-07-31 16:00:00,2016-07-31 16:50:00,"Minto - Barrhaven","South","Family","Skating","45.253397","-75.736022"
"579",2016-08-07,2016-08-07 16:00:00,2016-08-07 16:50:00,"Minto - Barrhaven","South","Family","Skating","45.253397","-75.736022"
"580",2016-08-14,2016-08-14 16:00:00,2016-08-14 16:50:00,"Minto - Barrhaven","South","Family","Skating","45.253397","-75.736022"
"581",2016-08-21,2016-08-21 16:00:00,2016-08-21 16:50:00,"Minto - Barrhaven","South","Family","Skating","45.253397","-75.736022"
"582",2016-08-28,2016-08-28 16:00:00,2016-08-28 16:50:00,"Minto - Barrhaven","South","Family","Skating","45.253397","-75.736022"
"583",2016-05-24,2016-05-24 16:30:00,2016-05-24 17:20:00,"Fred Barrett","South","Public","Skating","45.331162","-75.598078"
"584",2016-05-31,2016-05-31 16:30:00,2016-05-31 17:20:00,"Fred Barrett","South","Public","Skating","45.331162","-75.598078"
"585",2016-06-07,2016-06-07 16:30:00,2016-06-07 17:20:00,"Fred Barrett","South","Public","Skating","45.331162","-75.598078"
"586",2016-06-14,2016-06-14 16:30:00,2016-06-14 17:20:00,"Fred Barrett","South","Public","Skating","45.331162","-75.598078"
"587",2016-06-21,2016-06-21 16:30:00,2016-06-21 17:20:00,"Fred Barrett","South","Public","Skating","45.331162","-75.598078"
"588",2016-06-28,2016-06-28 16:30:00,2016-06-28 17:20:00,"Fred Barrett","South","Public","Skating","45.331162","-75.598078"
"589",2016-07-05,2016-07-05 16:30:00,2016-07-05 17:20:00,"Fred Barrett","South","Public","Skating","45.331162","-75.598078"
"590",2016-07-12,2016-07-12 16:30:00,2016-07-12 17:20:00,"Fred Barrett","South","Public","Skating","45.331162","-75.598078"
"591",2016-07-19,2016-07-19 16:30:00,2016-07-19 17:20:00,"Fred Barrett","South","Public","Skating","45.331162","-75.598078"
"592",2016-07-26,2016-07-26 16:30:00,2016-07-26 17:20:00,"Fred Barrett","South","Public","Skating","45.331162","-75.598078"
"593",2016-08-02,2016-08-02 16:30:00,2016-08-02 17:20:00,"Fred Barrett","South","Public","Skating","45.331162","-75.598078"
"594",2016-08-09,2016-08-09 16:30:00,2016-08-09 17:20:00,"Fred Barrett","South","Public","Skating","45.331162","-75.598078"
"595",2016-08-16,2016-08-16 16:30:00,2016-08-16 17:20:00,"Fred Barrett","South","Public","Skating","45.331162","-75.598078"
"596",2016-08-23,2016-08-23 16:30:00,2016-08-23 17:20:00,"Fred Barrett","South","Public","Skating","45.331162","-75.598078"
"597",2016-08-30,2016-08-30 16:30:00,2016-08-30 17:20:00,"Fred Barrett","South","Public","Skating","45.331162","-75.598078"
"598",2016-05-09,2016-05-09 17:00:00,2016-05-09 17:50:00,"Jim Durrell Recreation Centre","Central","Public","Skating","45.372846","-75.6597"
"599",2016-05-16,2016-05-16 17:00:00,2016-05-16 17:50:00,"Jim Durrell Recreation Centre","Central","Public","Skating","45.372846","-75.6597"
"600",2016-05-23,2016-05-23 17:00:00,2016-05-23 17:50:00,"Jim Durrell Recreation Centre","Central","Public","Skating","45.372846","-75.6597"
"601",2016-05-30,2016-05-30 17:00:00,2016-05-30 17:50:00,"Jim Durrell Recreation Centre","Central","Public","Skating","45.372846","-75.6597"
"602",2016-06-06,2016-06-06 17:00:00,2016-06-06 17:50:00,"Jim Durrell Recreation Centre","Central","Public","Skating","45.372846","-75.6597"
"603",2016-06-13,2016-06-13 17:00:00,2016-06-13 17:50:00,"Jim Durrell Recreation Centre","Central","Public","Skating","45.372846","-75.6597"
"604",2016-06-20,2016-06-20 17:00:00,2016-06-20 17:50:00,"Jim Durrell Recreation Centre","Central","Public","Skating","45.372846","-75.6597"
"605",2016-06-27,2016-06-27 17:00:00,2016-06-27 17:50:00,"Jim Durrell Recreation Centre","Central","Public","Skating","45.372846","-75.6597"
"606",2016-07-04,2016-07-04 17:00:00,2016-07-04 17:50:00,"Jim Durrell Recreation Centre","Central","Public","Skating","45.372846","-75.6597"
"607",2016-07-11,2016-07-11 17:00:00,2016-07-11 17:50:00,"Jim Durrell Recreation Centre","Central","Public","Skating","45.372846","-75.6597"
"608",2016-07-18,2016-07-18 17:00:00,2016-07-18 17:50:00,"Jim Durrell Recreation Centre","Central","Public","Skating","45.372846","-75.6597"
"609",2016-07-25,2016-07-25 17:00:00,2016-07-25 17:50:00,"Jim Durrell Recreation Centre","Central","Public","Skating","45.372846","-75.6597"
"610",2016-08-01,2016-08-01 17:00:00,2016-08-01 17:50:00,"Jim Durrell Recreation Centre","Central","Public","Skating","45.372846","-75.6597"
"611",2016-08-08,2016-08-08 17:00:00,2016-08-08 17:50:00,"Jim Durrell Recreation Centre","Central","Public","Skating","45.372846","-75.6597"
"612",2016-08-15,2016-08-15 17:00:00,2016-08-15 17:50:00,"Jim Durrell Recreation Centre","Central","Public","Skating","45.372846","-75.6597"
"613",2016-08-22,2016-08-22 17:00:00,2016-08-22 17:50:00,"Jim Durrell Recreation Centre","Central","Public","Skating","45.372846","-75.6597"
"614",2016-08-29,2016-08-29 17:00:00,2016-08-29 17:50:00,"Jim Durrell Recreation Centre","Central","Public","Skating","45.372846","-75.6597"
"615",2016-05-12,2016-05-12 17:00:00,2016-05-12 17:50:00,"Jim Durrell Recreation Centre","Central","Public","Skating","45.372846","-75.6597"
"616",2016-05-19,2016-05-19 17:00:00,2016-05-19 17:50:00,"Jim Durrell Recreation Centre","Central","Public","Skating","45.372846","-75.6597"
"617",2016-05-26,2016-05-26 17:00:00,2016-05-26 17:50:00,"Jim Durrell Recreation Centre","Central","Public","Skating","45.372846","-75.6597"
"618",2016-06-02,2016-06-02 17:00:00,2016-06-02 17:50:00,"Jim Durrell Recreation Centre","Central","Public","Skating","45.372846","-75.6597"
"619",2016-06-09,2016-06-09 17:00:00,2016-06-09 17:50:00,"Jim Durrell Recreation Centre","Central","Public","Skating","45.372846","-75.6597"
"620",2016-06-16,2016-06-16 17:00:00,2016-06-16 17:50:00,"Jim Durrell Recreation Centre","Central","Public","Skating","45.372846","-75.6597"
"621",2016-06-23,2016-06-23 17:00:00,2016-06-23 17:50:00,"Jim Durrell Recreation Centre","Central","Public","Skating","45.372846","-75.6597"
"622",2016-06-30,2016-06-30 17:00:00,2016-06-30 17:50:00,"Jim Durrell Recreation Centre","Central","Public","Skating","45.372846","-75.6597"
"623",2016-07-07,2016-07-07 17:00:00,2016-07-07 17:50:00,"Jim Durrell Recreation Centre","Central","Public","Skating","45.372846","-75.6597"
"624",2016-07-14,2016-07-14 17:00:00,2016-07-14 17:50:00,"Jim Durrell Recreation Centre","Central","Public","Skating","45.372846","-75.6597"
"625",2016-07-21,2016-07-21 17:00:00,2016-07-21 17:50:00,"Jim Durrell Recreation Centre","Central","Public","Skating","45.372846","-75.6597"
"626",2016-07-28,2016-07-28 17:00:00,2016-07-28 17:50:00,"Jim Durrell Recreation Centre","Central","Public","Skating","45.372846","-75.6597"
"627",2016-08-04,2016-08-04 17:00:00,2016-08-04 17:50:00,"Jim Durrell Recreation Centre","Central","Public","Skating","45.372846","-75.6597"
"628",2016-08-11,2016-08-11 17:00:00,2016-08-11 17:50:00,"Jim Durrell Recreation Centre","Central","Public","Skating","45.372846","-75.6597"
"629",2016-08-18,2016-08-18 17:00:00,2016-08-18 17:50:00,"Jim Durrell Recreation Centre","Central","Public","Skating","45.372846","-75.6597"
"630",2016-08-25,2016-08-25 17:00:00,2016-08-25 17:50:00,"Jim Durrell Recreation Centre","Central","Public","Skating","45.372846","-75.6597"
"631",2016-05-08,2016-05-08 17:00:00,2016-05-08 17:50:00,"Minto - Barrhaven","South","Public","Skating","45.253397","-75.736022"
"632",2016-05-15,2016-05-15 17:00:00,2016-05-15 17:50:00,"Minto - Barrhaven","South","Public","Skating","45.253397","-75.736022"
"633",2016-05-22,2016-05-22 17:00:00,2016-05-22 17:50:00,"Minto - Barrhaven","South","Public","Skating","45.253397","-75.736022"
"634",2016-05-29,2016-05-29 17:00:00,2016-05-29 17:50:00,"Minto - Barrhaven","South","Public","Skating","45.253397","-75.736022"
"635",2016-06-05,2016-06-05 17:00:00,2016-06-05 17:50:00,"Minto - Barrhaven","South","Public","Skating","45.253397","-75.736022"
"636",2016-06-12,2016-06-12 17:00:00,2016-06-12 17:50:00,"Minto - Barrhaven","South","Public","Skating","45.253397","-75.736022"
"637",2016-06-19,2016-06-19 17:00:00,2016-06-19 17:50:00,"Minto - Barrhaven","South","Public","Skating","45.253397","-75.736022"
"638",2016-06-26,2016-06-26 17:00:00,2016-06-26 17:50:00,"Minto - Barrhaven","South","Public","Skating","45.253397","-75.736022"
"639",2016-07-03,2016-07-03 17:00:00,2016-07-03 17:50:00,"Minto - Barrhaven","South","Public","Skating","45.253397","-75.736022"
"640",2016-07-10,2016-07-10 17:00:00,2016-07-10 17:50:00,"Minto - Barrhaven","South","Public","Skating","45.253397","-75.736022"
"641",2016-07-17,2016-07-17 17:00:00,2016-07-17 17:50:00,"Minto - Barrhaven","South","Public","Skating","45.253397","-75.736022"
"642",2016-07-24,2016-07-24 17:00:00,2016-07-24 17:50:00,"Minto - Barrhaven","South","Public","Skating","45.253397","-75.736022"
"643",2016-07-31,2016-07-31 17:00:00,2016-07-31 17:50:00,"Minto - Barrhaven","South","Public","Skating","45.253397","-75.736022"
"644",2016-08-07,2016-08-07 17:00:00,2016-08-07 17:50:00,"Minto - Barrhaven","South","Public","Skating","45.253397","-75.736022"
"645",2016-08-14,2016-08-14 17:00:00,2016-08-14 17:50:00,"Minto - Barrhaven","South","Public","Skating","45.253397","-75.736022"
"646",2016-08-21,2016-08-21 17:00:00,2016-08-21 17:50:00,"Minto - Barrhaven","South","Public","Skating","45.253397","-75.736022"
"647",2016-08-28,2016-08-28 17:00:00,2016-08-28 17:50:00,"Minto - Barrhaven","South","Public","Skating","45.253397","-75.736022"
"648",2016-05-11,2016-05-11 19:30:00,2016-05-11 20:30:00,"Jim Durrell Recreation Centre","Central","Public","Skating","45.372846","-75.6597"
"649",2016-05-18,2016-05-18 19:30:00,2016-05-18 20:30:00,"Jim Durrell Recreation Centre","Central","Public","Skating","45.372846","-75.6597"
"650",2016-05-25,2016-05-25 19:30:00,2016-05-25 20:30:00,"Jim Durrell Recreation Centre","Central","Public","Skating","45.372846","-75.6597"
"651",2016-06-01,2016-06-01 19:30:00,2016-06-01 20:30:00,"Jim Durrell Recreation Centre","Central","Public","Skating","45.372846","-75.6597"
"652",2016-06-08,2016-06-08 19:30:00,2016-06-08 20:30:00,"Jim Durrell Recreation Centre","Central","Public","Skating","45.372846","-75.6597"
"653",2016-06-15,2016-06-15 19:30:00,2016-06-15 20:30:00,"Jim Durrell Recreation Centre","Central","Public","Skating","45.372846","-75.6597"
"654",2016-06-22,2016-06-22 19:30:00,2016-06-22 20:30:00,"Jim Durrell Recreation Centre","Central","Public","Skating","45.372846","-75.6597"
"655",2016-06-29,2016-06-29 19:30:00,2016-06-29 20:30:00,"Jim Durrell Recreation Centre","Central","Public","Skating","45.372846","-75.6597"
"656",2016-07-06,2016-07-06 19:30:00,2016-07-06 20:30:00,"Jim Durrell Recreation Centre","Central","Public","Skating","45.372846","-75.6597"
"657",2016-07-13,2016-07-13 19:30:00,2016-07-13 20:30:00,"Jim Durrell Recreation Centre","Central","Public","Skating","45.372846","-75.6597"
"658",2016-07-20,2016-07-20 19:30:00,2016-07-20 20:30:00,"Jim Durrell Recreation Centre","Central","Public","Skating","45.372846","-75.6597"
"659",2016-07-27,2016-07-27 19:30:00,2016-07-27 20:30:00,"Jim Durrell Recreation Centre","Central","Public","Skating","45.372846","-75.6597"
"660",2016-08-03,2016-08-03 19:30:00,2016-08-03 20:30:00,"Jim Durrell Recreation Centre","Central","Public","Skating","45.372846","-75.6597"
"661",2016-08-10,2016-08-10 19:30:00,2016-08-10 20:30:00,"Jim Durrell Recreation Centre","Central","Public","Skating","45.372846","-75.6597"
"662",2016-08-17,2016-08-17 19:30:00,2016-08-17 20:30:00,"Jim Durrell Recreation Centre","Central","Public","Skating","45.372846","-75.6597"
"663",2016-08-24,2016-08-24 19:30:00,2016-08-24 20:30:00,"Jim Durrell Recreation Centre","Central","Public","Skating","45.372846","-75.6597"
"664",2016-08-31,2016-08-31 19:30:00,2016-08-31 20:30:00,"Jim Durrell Recreation Centre","Central","Public","Skating","45.372846","-75.6597"
